nom_etablissement;uai;nbre_eleve_ulis;nbre_eleve_segpa;ips;nb_mentions_tb_g;taux_de_reussite_g
Collège Gay-Lussac;0921494Z;10;0;94.6;28;87.0
Collège Jacques Prévert;0501206P;12;60;95.8;20;85.0
Collège Henri Wallon;0131604Y;14;0;65.1;14;87.0
Collège Martial Taugourdeau;0281060A;13;0;98.4;31;83.0
Collège Elsa Triolet;0931230G;0;0;81.9;8;74.0
Collège Jean Mermoz;0690060R;0;0;84.0;14;81.0
Collège Lucie Aubrac;0382032C;0;0;72.7;11;89.0
Collège de Ponthieu;0801512J;26;65;88.3;28;86.0
Collège Arche Guédon;0771656G;12;59;100.0;21;83.0
Collège Édouard Vaillant;0332082J;0;0;89.1;35;72.0
Collège Versailles;0131264D;0;0;75.4;9;74.0
Collège Lucie Aubrac;0342132H;10;60;81.3;15;68.0
Collège de Tsimkoura;9760042S;0;0;86.8;19;88.0
Collège Anatole France;0251209D;0;0;74.5;12;77.0
Collège Victor Hugo;0340972X;13;0;87.2;16;79.0
Collège Jacques Ellul;0332285E;14;55;95.9;10;70.0
Collège Jacques Brel;0762679Z;12;41;88.9;6;78.0
Collège Achmat Kartadinama (Grand-Santi);9730380A;0;58;71.6;0;64.0
Collège Pierre Mendès France;0490042E;12;0;81.6;4;69.0
Collège Lou Blazer;0251395F;10;63;66.2;13;70.0
Collège Jean Bauhin;0250003T;0;82;79.4;20;68.0
Collège François Villon;0752544H;0;0;92.4;14;67.0
Collège Marie Laurencin;0133775H;9;0;75.4;1;73.0
Collège La Marquisanne;0830181W;23;47;69.1;12;73.0
Collège Antoine de Saint-Exupéry;0711135Y;14;0;91.8;16;70.0
Collège Julien Lambot;0441616T;12;62;88.0;14;89.0
Collège Jules Verne;0801373H;13;41;96.5;64;88.0
Collège Robert J. ARDON - Montgaillard;9740645H;12;63;73.2;37;83.0
Collège Joseph Roumanille;0840007B;0;0;76.9;20;74.0
Collège Paul Eluard;0450840U;12;85;80.1;7;66.0
Collège Pierre Puget;0830069Z;12;47;80.3;20;82.0
Collège Jacques Twinger;0671508A;0;0;77.7;25;83.0
Collège Jean Moulin;0594524X;13;46;73.1;5;75.0
Collège Georges Brassens;0382504R;14;0;89.4;20;71.0
Collège Stendhal;0382114S;0;0;119.1;43;82.0
Collège Chasse Royale;0593680E;0;37;65.8;4;67.0
Collège du Marquenterre;0801489J;0;0;89.1;15;72.0
Collège Albert Londres (Saint-Laurent II);9730248G;19;0;69.5;4;67.0
Collège Jean Macé;0910678T;0;0;84.6;13;91.0
Collège Marcel Aymé;0890024T;12;0;84.5;9;92.0
Collège Paul Verlaine;0622425Z;12;0;81.2;34;86.0
Collège René Cassin;0781108F;0;36;84.1;5;78.0
Collège de l'Edit;0380050Y;13;0;79.3;14;72.0
Collège Béranger;0801537L;25;62;84.8;31;72.0
Collège Robert Doisneau;0951142A;12;32;85.4;21;82.0
Collège Victor Hugo;0810787R;0;0;89.9;26;94.0
Collège Paul Froment;0470102F;0;0;76.6;16;91.0
Collège Aimé Césaire de Fort de France;9720007A;0;0;73.3;4;88.0
Collège Château Double;0132009N;13;0;110.3;23;87.0
Collège René Cassin;0573244S;27;54;97.6;56;91.0
Collège Saint-Exupéry;0680111B;10;90;72.2;16;80.0
Collège Simone Veil;0020072T;0;0;76.1;15;85.0
Collège Jean Lurçat;0490060Z;0;0;63.0;3;71.0
Collège Lamartine;0671822S;23;0;73.0;13;87.0
Collège la Dullague;0340016H;11;0;81.6;23;69.0
Collège Les Épontots;0711323C;0;0;77.7;8;75.0
Collège Jean Jaurès;0931143M;0;53;91.2;42;80.0
Collège Henri Matisse;0762080Y;12;36;82.7;8;85.0
Collège Georges Politzer;0771476L;0;0;89.7;17;86.0
Collège Jean Charcot;0760083C;12;0;88.2;19;85.0
Collège Paul Langevin;0061130W;23;30;99.8;42;89.0
Collège Le Chapitre;0211225T;12;77;71.0;10;94.0
Collège Georges Clemenceau;0490022H;12;0;86.0;16;91.0
Collège Antoine Audembron;0631238D;27;64;86.9;47;83.0
Collège René Cassin;0131611F;0;67;82.5;45;86.0
Collège Joseph-Paul Rambaud;0090056M;13;0;93.1;35;84.0
Collège du Mont des Accords;9710022X;12;82;83.8;4;69.0
Collège Youri Gagarine;0780187E;12;50;83.2;7;70.0
Collège Jean Mermoz;0910716J;0;0;86.6;13;78.0
Collège Evariste Galois;0921589C;0;0;83.7;7;84.0
Collège Louise Michel;0761777U;0;0;85.9;13;68.0
Collège Lucie et Raymond Aubrac;0601296H;13;0;91.6;14;76.0
Collège les Escholiers de la Mosson;0340996Y;12;54;70.3;9;69.0
Collège Jacques Monod;0530790W;21;0;102.5;23;81.0
Collège Jean Zay;0030030S;10;0;76.7;9;81.0
Collège Cassignol;0331461J;15;0;142.0;105;97.0
Collège Pierre-André Houël;0931222Y;14;0;93.5;12;86.0
Collège les Capucins;0770033T;0;0;81.3;20;93.0
Collège Ducos du Hauron;0470677F;13;0;87.0;26;83.0
Collège Jacqueline Julius;9720084J;22;34;85.4;6;86.0
Collège Eugénie Tell-Eboué (Saint-Laurent I);9730110G;24;91;84.1;46;96.0
Collège roche gravée de Moho;9711087E;16;11;77.4;2;76.0
Collège Hélène Boucher;0752556W;12;0;117.4;29;87.0
Collège Fernand Donatien;9720412R;0;111;82.1;11;69.0
Collège Voltaire;0594533G;0;0;74.8;6;71.0
Collège Anita Conti;0561330S;12;50;92.7;16;73.0
Collège de Dzoumogné;9760094Y;6;0;59.7;7;70.0
Collège Paul Fort;0511108C;12;61;74.0;11;81.0
Collège Claude Monet;0950886X;12;42;76.3;9;75.0
Collège Miriam Makeba;0597004T;0;0;77.9;20;92.0
Collège Nina Simone;0596833G;13;0;81.4;19;87.0
Collège Anne Frank;0594389A;0;53;64.6;14;82.0
Collège Roncherolles;0761701L;12;62;89.1;27;80.0
Collège Edouard Vaillant;0180037T;0;0;75.4;15;70.0
Collège Révolution;0300946R;14;0;121.8;22;84.0
Collège Henri Wallon;0950023J;12;45;69.8;21;85.0
Collège Pablo Neruda;0331880P;14;50;86.5;28;78.0
Collège Georges Brassens;0692157V;12;63;86.9;14;82.0
Collège Jacques Prévert;0010975E;0;0;105.4;37;78.0
Collège Jules Verne;0590088A;0;0;75.6;11;81.0
Collège de la Morinie;0622907Y;13;46;75.9;5;81.0
Collège Léo Lagrange;0622799F;13;50;82.9;20;86.0
Collège Adulphe Delegorgue;0622943M;13;49;81.6;22;92.0
Collège Gernez Rieux;0593237Y;11;44;94.3;31;87.0
Collège Nicolas Copernic;0951141Z;11;0;98.5;27;85.0
Collège André Malraux;0601524F;13;60;73.2;8;90.0
Collège Turgot;0594299C;0;0;67.3;12;70.0
Collège Jean Rostand;0595337F;18;50;78.7;18;82.0
Collège Cressot;0520822L;11;0;84.7;17;95.0
Collège Place d'Armes 2;9720848P;19;0;99.3;11;84.0
Collège Colette Besson;0755241P;11;0;102.5;18;89.0
Collège le Ferronay;0500062W;9;0;107.1;18;92.0
Collège Jules Ferry;0132408X;0;0;67.8;8;78.0
Collège la Garrigole;0660016J;16;0;78.7;12;87.0
Collège Stendhal;0311630D;16;53;74.6;12;75.0
Collège Sophie Germain;0440536U;0;0;90.6;18;69.0
Collège Jean-Baptiste Clément;0931376R;13;0;81.5;15;76.0
Collège Daniel Mayer;0755030K;11;0;74.4;14;70.0
Collège Albert Camus;0620154F;0;0;87.9;18;91.0
Collège François Truffaut;0611023F;13;0;91.6;29;90.0
Collège de la Villeneuve;0100019S;10;38;87.8;20;79.0
Collège Marcelin Berthelot;0601179F;13;0;88.4;43;86.0
Collège de Koungou;9760244L;12;91;62.6;13;83.0
Collège Georges Brassens;0750507U;0;54;102.5;51;87.0
Collège Irène et Frédéric Joliot Curie;0931217T;14;0;96.6;32;85.0
Collège Georges Lapierre;0331619F;16;73;78.0;11;70.0
Collège Camille Claudel;0932263E;0;0;82.6;22;83.0
Collège Albert Camus;0910714G;0;0;90.7;23;88.0
Collège le Bastion;0110666P;29;0;99.9;29;79.0
Collège Blanqui;0331753B;0;0;85.5;6;75.0
Collège Alphonse Silve;0840698C;10;0;97.0;21;91.0
Collège Chape;0130079R;0;0;133.9;42;97.0
Collège Théophile Gautier;0762226G;0;0;89.9;7;74.0
Collège Henri Wallon;0762127Z;0;0;76.3;2;79.0
Collège Danielle Darras Riaumont;0620219B;12;56;76.8;16;84.0
Collège Pytheas;0132730X;13;0;77.8;8;84.0
Collège Gérard Philipe;0840970Y;27;0;74.8;9;74.0
Collège Jean Vilar;0931206F;14;0;72.7;16;63.0
Collège Antoine Sylvère Felix;9730374U;22;103;82.9;7;81.0
Collège Jean Baptiste Clément;0750478M;0;52;105.6;20;74.0
Collège Jules Verne;0780180X;0;0;80.9;18;82.0
Collège Le Grand Clos;0450789N;12;0;86.9;17;83.0
Collège Bayard;0080954U;0;0;82.4;14;100.0
Collège Ampère;0010802S;15;107;69.0;14;75.0
Collège Vincent Van Gogh;0131610E;12;0;92.8;18;79.0
Collège de Morne des Esses;9720842H;0;0;87.8;8;94.0
Collège les Mûriers;0060799L;22;54;84.0;12;88.0
Collège de Tsingoni;9760274U;11;55;77.0;10;68.0
Collège La Fontaine;0541469D;8;0;68.8;7;84.0
Collège Victor Hugo;0594405T;15;90;85.2;25;83.0
Collège François Mitterrand;0932333F;14;0;105.7;40;96.0
Collège Raoul Dufy;0690131T;14;0;112.5;40;89.0
Collège Jules Michelet;0931144N;14;0;84.5;7;85.0
Collège Georges Politzer;0931181D;11;45;92.9;24;78.0
Collège Clair Soleil;0132404T;0;0;65.4;10;87.0
Collège Pierre-Gilles de Gennes;0720902P;13;64;78.3;15;73.0
Collège Jean Macé;0680110A;18;75;67.4;17;73.0
Collège Paul Ramadier;0120622L;11;47;91.6;12;85.0
Collège Fréderic Chopin;0771070V;0;0;78.7;8;80.0
Collège Hector Berlioz;0752252R;8;58;100.0;44;88.0
Collège Ferdinand Madeleine;9730219A;9;18;74.7;0;91.0
Collège Jean-Philippe Rameau;0692414Z;14;48;110.0;36;86.0
Collège Mont Duplan;0300929X;12;65;99.8;26;82.0
Collège Maurice Jaubert;0061131X;40;53;67.5;8;75.0
Collège Félix Arnaudin;0400014Y;0;0;93.7;16;77.0
Collège Albert Triboulet;0261091V;10;0;81.7;8;57.0
Collège Marthe Lefèvre;0020056A;7;68;73.4;2;58.0
Collège Courbaril;9710029E;0;0;95.3;11;89.0
Collège de Passamaïnty;9760308F;1;0;74.0;25;63.0
Collège Jean Moulin;0301013N;26;60;72.6;9;79.0
Collège Jehan Froissart;0594303G;0;0;79.0;9;71.0
Collège Alain Savary;0131888G;0;0;100.8;30;88.0
Collège Anatole France;0622269E;21;53;85.0;17;88.0
Collège Henri Agarande (Kourou I);9730125Y;23;126;78.4;35;93.0
Collège les Maillettes;0771618R;0;0;88.8;13;80.0
Collège République;0920594W;11;0;92.0;18;91.0
Collège Elie Wiesel du Chaudron;9741208V;12;0;73.8;23;83.0
Collège Marcel Pagnol;0690076H;11;0;81.1;6;91.0
Collège Cervantès;0271289E;0;61;83.7;24;86.0
Collège Aliénor d'Aquitaine;0330064R;14;0;84.1;21;81.0
Collège Valmy;0750584C;0;0;113.3;30;75.0
Collège Miramaris;0132327J;0;86;73.9;14;81.0
Collège Guy Môquet;0921621M;12;0;85.4;47;85.0
Collège Anatole France;0950900M;12;0;67.4;11;84.0
Collège Vauban;0622576N;12;48;65.4;14;85.0
Collège Maurice Barrès;0550758A;0;48;82.3;8;83.0
Collège Voltaire;0251127P;12;0;82.0;31;73.0
Collège les Jasmins - Sainte Marguerite;0061668F;24;64;85.8;16;92.0
Collège Pierre Semard;0931200Z;0;59;79.1;27;88.0
Collège Rosa Parks;0271320N;12;0;95.3;18;90.0
Collège Marguerite Audoux;0180033N;0;0;87.0;5;97.0
Collège Les Rochambelles;0590006L;0;0;75.7;6;71.0
Collège Adam de la Halle;0622863A;6;56;97.7;28;92.0
Collège Victor Hugo;0180593X;12;56;83.7;13;78.0
Collège le Noyer Marchand;0100905E;8;70;86.0;21;85.0
Collège Gérard Philipe;0021492L;0;70;65.7;10;74.0
Collège Jacques Prévert;0741097R;13;0;84.4;11;64.0
Collège Le Mont d'Or;0040013T;13;0;88.6;15;84.0
Collège Montaigne;0331895F;15;0;82.7;16;74.0
Collège Bourtzwiller;0681127F;19;58;70.1;8;61.0
Collège Pierre de Ronsard;0870729V;0;0;73.8;2;47.0
Collège Florian;0300006U;0;0;99.6;23;96.0
Collège Barbara Hendricks;0840762X;13;0;82.4;11;73.0
Collège Georges Politzer;0941025D;0;63;84.7;17;78.0
Collège La Fontaine Margot;0291089B;0;64;88.9;22;97.0
Collège Gérard Philipe;0622581U;0;0;83.0;26;86.0
Collège Romain Rolland;0780577D;0;0;82.4;17;80.0
Collège Jules Verne;0110672W;14;92;78.9;21;71.0
Collège Bernard de Ventadour;0300055X;12;0;104.8;47;87.0
Collège Euzhan Palcy;9720012F;0;30;97.9;9;94.0
Collège Pierre Curie;0951050A;12;0;87.8;18;88.0
Collège Gérard Holder;9730083C;10;103;95.9;33;97.0
Collège les Oliviers;0301098F;12;63;79.8;27;74.0
Collège Jean-Jacques Gallay;0741139L;6;75;85.0;29;82.0
Collège Victor Duruy;0400648M;13;0;89.9;28;81.0
Collège Jean-Baptiste Clément;0921160L;0;0;87.2;38;83.0
Collège André Masson;0700788B;0;0;84.5;12;79.0
Collège Olivier de Serres;0910056S;0;0;82.1;11;74.0
Collège Georges Politzer;0931209J;0;0;77.0;8;91.0
Collège La Charme;0631199L;12;0;67.8;29;72.0
Collège du Moulin;0595782P;15;0;74.2;18;79.0
Collège Louis Pasteur;0781896M;0;0;74.1;10;79.0
Collège Denis Diderot;0360544W;0;0;90.9;17;68.0
Collège le Lac;0080826E;11;66;70.5;11;83.0
Collège Les Clairs Soleils;0251116C;20;0;101.0;27;86.0
Collège des Flandres;0595170Z;0;0;98.8;64;98.0
Collège Jacques Brel;0700786Z;10;114;83.5;18;79.0
Collège Anatole France;0470049Y;10;0;89.8;45;84.0
Collège Joseph Hubert;9740577J;11;126;74.4;20;83.0
Collège Fénelon;0595175E;8;0;100.0;21;89.0
Collège Marcel Rivière;0770027L;13;0;106.0;31;84.0
Collège Léo Larguier;0301012M;13;0;81.6;13;96.0
Collège Jules Michelet;9710072B;11;0;80.1;8;59.0
Collège Pierre Bourdieu;0641561Z;12;50;83.5;15;85.0
Collège Frédéric Mistral;0132212J;0;57;76.8;5;68.0
Collège Pablo Picasso;0061211J;21;52;84.3;35;84.0
Collège Concorde-Maurice Dumesnil;9730307W;22;139;78.1;10;83.0
Collège Voltaire;0921547G;11;0;99.7;36;87.0
Collège Guy Môquet;9741366S;12;0;71.4;28;73.0
Collège Léonard de Vinci;0623919Y;0;0;88.5;15;80.0
Collège Louis Paulhan;0783463R;11;0;86.8;28;75.0
Collège Robert Doisneau;0383056R;13;0;88.3;9;71.0
Collège Vallon des Pins;0131885D;9;0;64.5;18;72.0
Collège Louise Michel;0911024U;0;0;83.3;10;79.0
Collège Bernart de Ventadour;0870771R;12;64;99.1;35;82.0
Collège Gutenberg;0441610L;9;58;100.6;18;70.0
Collège Le Marin;0721224P;0;0;87.7;8;81.0
Collège Gabriel Péri;0931185H;0;0;75.2;20;85.0
Collège Cambuston - Claude MAHOUDEAUX;9740703W;10;0;78.4;38;79.0
Collège de Plateau Caillou;9741190A;12;0;82.5;18;73.0
Collège Les Deux Canons;9740572D;11;122;77.9;37;83.0
Collège Janusz Korczak;0941603G;8;62;92.9;18;77.0
Collège Césaria Evora;0932579Y;13;0;92.2;14;79.0
Collège Marie Curie;0100081J;8;60;85.7;43;88.0
Collège Jean Rostand;0791002K;14;87;89.4;9;78.0
Collège Youri Gagarine;0622423X;0;0;76.1;27;93.0
Collège Jean Lolive;0931218U;14;0;82.9;19;76.0
Collège Georges Holderith;0572023P;0;27;78.1;36;87.0
Collège Edmond Michelet;0753345D;12;0;96.4;13;76.0
Collège Chantereine;0950943J;12;45;71.7;6;83.0
Collège René Descartes;0860984C;12;67;92.2;21;71.0
Collège Jacqueline de Romilly;0932580Z;15;0;85.1;19;90.0
Collège Gustave Nadaud;0593242D;13;47;78.3;12;80.0
Collège Roqua;0071169H;0;87;100.2;31;90.0
Collège David Marcelle;0622793Z;0;55;81.9;19;81.0
Collège Georges Clemenceau;0790945Y;15;59;86.8;14;84.0
Collège Charles de Gaulle;0840759U;9;25;100.2;27;83.0
Collège Jean Nicoli;6200041A;8;0;97.9;12;74.0
Collège Jules Ferry;0370764E;0;0;93.8;13;84.0
Collège Robert de Sorbon;0080897G;10;0;94.9;20;79.0
Collège Claude Bernard;0761697G;12;0;87.2;13;76.0
Collège Louis Pasteur;0940521F;0;0;89.5;25;85.0
Collège Jean-Baptiste Eble;0572183N;0;0;91.2;29;89.0
Collège Jean Zay;0594168K;0;0;85.5;9;67.0
Collège Claude Delvincourt;0760026R;13;48;82.3;10;76.0
Collège Saint-Exupéry;0390907Z;13;128;95.2;30;87.0
Collège Marcel Cachin;0931204D;13;0;72.5;19;84.0
Collège Louis Armand;0541501N;0;0;93.9;14;81.0
Collège Daniel Fery;0941783C;15;0;103.7;27;83.0
Collège Célimène Gaudieux;9740035V;8;126;75.6;18;100.0
Collège Le Bosquet;0301211D;0;94;95.7;22;78.0
Collège Maurice Becanne;0311231V;11;0;97.5;16;80.0
Collège Georges Ville;0300031W;13;0;99.2;22;85.0
Collège Mozart;0750484U;0;0;95.4;22;83.0
Collège Simone Veil;0340955D;9;47;82.1;43;86.0
Collège Emile Malfroy;0692419E;13;58;97.2;17;67.0
Collège Pierre Brossolette;0940791Z;0;64;80.7;17;83.0
Collège Jacques  Jorissen;0931377S;0;45;78.3;15;76.0
Collège Gustave Courbet;0781618K;0;0;84.7;14;76.0
Collège de la Ravine des Cabris;9740027L;12;0;79.4;33;82.0
Collège Albert Camus;0660051X;0;0;72.4;17;84.0
Collège Victor Vasarely;0220008P;0;0;85.8;12;100.0
Collège Gérard Philipe;0752195D;10;0;96.5;11;79.0
Collège Saint-Hilaire;0060021R;0;0;89.2;25;89.0
Collège Cassien Sainte Claire;9720682J;20;52;89.2;16;90.0
Collège Trianon;9720495F;0;0;92.2;7;93.0
Collège Jean Renoir;0762461M;0;0;94.7;19;84.0
Collège Jules Ferry;0590068D;16;0;87.1;31;87.0
Collège Jules Ferry;0240037K;7;31;92.8;22;89.0
Collège Alfred Mauguin;0332190B;16;61;116.1;40;83.0
Collège Lubet Barbon;0400103V;10;109;97.9;35;94.0
Collège Marc Seguin;0421451Z;0;43;76.2;1;86.0
Collège Jacques Duclos;0691793Z;12;0;77.5;15;72.0
Collège Adolphe Chérioux;0940042K;13;0;94.9;28;91.0
Collège Buvignier;0550024C;23;0;86.8;35;95.0
Collège Jules Vallès;0941029H;11;0;86.8;21;80.0
Collège Claude Fauriel;0421677V;0;0;97.1;28;86.0
Collège Antoine de Saint-Exupéry;0592634T;0;0;78.3;6;82.0
Collège Pré Saint-Sauveur;0390924T;17;35;85.8;13;80.0
Collège Erasme;0672459J;13;70;70.4;18;84.0
Collège Jules Romains;0061129V;0;0;69.9;11;63.0
Collège Georges Pompidou;0921543C;11;46;86.0;25;79.0
Collège Henri Wallon;0620079Z;0;0;79.1;21;99.0
Collège Edmond Albius;9740548C;13;0;78.6;16;80.0
Collège Charles Péguy;0622789V;13;38;81.1;8;82.0
Collège Trémolières;0491859E;23;58;88.4;17;94.0
Collège Auguste Renoir;0870817R;12;0;103.7;25;83.0
Collège Evariste Galois;0753937X;11;0;92.8;31;95.0
Collège André Léotard;0830834F;10;0;82.1;14;98.0
Collège les Aurains;0080017A;11;25;91.0;10;87.0
Collège Jean Racine;0610003X;3;55;103.9;37;88.0
Collège Ada Lovelace;0301010K;10;61;83.1;16;76.0
Collège Jean Moulin;0660049V;17;0;100.0;34;83.0
Collège Magellan;0781986K;0;0;88.2;7;63.0
Collège Diderot;0251080N;12;63;65.7;21;68.0
Collège Iqbal Masih;0932273R;14;0;78.2;15;85.0
Collège Dulcie September;0941971G;0;60;99.8;32;82.0
Collège Roger Martin du Gard;0930893R;14;45;77.4;51;85.0
Collège Jean Lurçat;0930865K;14;0;75.2;15;78.0
Collège Léonard de Vinci;0951672B;0;0;101.1;10;80.0
Collège Rosa Parks;0801264P;14;52;63.9;6;64.0
Collège Henri Dunant;0771029A;0;0;77.9;24;91.0
Collège Jean-Pierre Timbaud;0930900Y;0;0;72.9;20;80.0
Collège Hippolyte Foucque;9740094J;22;102;78.0;35;82.0
Collège Albert Camus;0951139X;12;0;93.1;20;73.0
Collège Jenny Alpha  (Ex Dillon 2);9720708M;26;0;77.2;6;93.0
Collège les Indes;0511256N;12;60;87.0;14;82.0
Collège Croix de Metz;0541565H;11;94;88.4;31;79.0
Collège Christine de Pisan;0932310F;0;0;80.8;23;83.0
Collège Just Hyasine;9730206L;25;0;82.0;7;75.0
Collège Stalingrad;0371391L;0;0;98.5;14;82.0
Collège Henri Wallon;0622262X;9;47;82.4;33;88.0
Collège Jean Burger;0572017H;10;29;83.4;8;77.0
Collège Camille Claudel;0133352Y;0;0;89.9;28;90.0
Collège Bellevue;0350969N;0;64;93.4;24;88.0
Collège Denis Diderot;0301014P;11;48;86.5;19;84.0
Collège Gérard Philipe;0301327E;25;0;97.5;40;89.0
Collège Louis Nucera;0061001F;13;58;66.4;9;71.0
Collège Pierre Adt;0572180K;26;56;73.4;11;77.0
Collège Fernand Berthon;0260029R;0;0;82.7;13;79.0
Collège Pablo Neruda;0911490A;0;56;103.8;21;84.0
Collège Jean Moulin;0341065Y;14;57;76.8;6;79.0
Collège Jean Moulin;0622268D;0;38;84.3;16;88.0
Collège Marcel Pagnol;0762173Z;0;26;72.6;4;69.0
Collège Luis Ortiz;0520050X;0;0;83.0;11;78.0
Collège Joliot-Curie;0921778H;0;0;88.3;13;90.0
Collège Madame de Sévigné;0660018L;12;0;76.8;12;70.0
Collège Pierre de Ronsard;0860723U;12;0;100.8;37;81.0
Collège Gustave Courbet;0931381W;0;53;97.3;38;90.0
Collège Cité;0110025T;0;0;114.4;30;92.0
Collège Pablo Neruda;0911253T;0;0;65.1;9;78.0
Collège Albert Thierry;0780255D;0;0;84.2;17;83.0
Collège Alfred Kastler;0550020Y;12;43;87.3;23;97.0
Collège Jean Picart le Doux;0230507B;0;58;95.8;20;89.0
Collège Jules Michelet;0690094C;12;0;71.4;14;69.0
Collège Jules Michelet;0601449Z;14;59;85.6;15;73.0
Collège Gabriel Péri;0950887Y;12;0;88.6;30;87.0
Collège Edouard Herriot;0280803W;13;0;99.4;30;81.0
Collège Lamartine;0593488W;15;63;88.8;25;79.0
Collège de Doujani;9760009F;14;0;64.3;21;82.0
Collège Katia et Maurice Krafft;0341321B;27;62;79.3;22;84.0
Collège Arsène Bouyer D'Angoma (Saint-Laurent V);9730394R;25;0;70.7;8;60.0
Collège Albert Thomas;0421684C;0;0;74.5;12;84.0
Collège Jean Zay;0331464M;15;0;91.1;38;71.0
Collège Arthur Giovoni;6200006M;24;83;80.1;31;89.0
Collège Jean Moulin;0931184G;0;56;78.9;26;84.0
Collège Victor Hugo;0930891N;11;46;81.3;14;63.0
Collège Lezay Marnésia;0670105A;12;55;70.3;20;88.0
Collège Paul Langevin;0620158K;0;0;82.8;27;88.0
Collège Le Parc;0950039B;0;0;89.2;20;84.0
Collège François Villon;0132403S;0;0;86.1;14;82.0
Collège de Kwalé;9760368W;23;112;59.6;12;60.0
Collège Saint-Exupéry;0950749Y;10;0;72.8;14;77.0
Collège Voltaire;0311325X;0;65;87.5;11;70.0
Collège Hubert Delisle;9740702V;17;123;77.4;19;82.0
Collège Jacques Prévert;0131262B;13;70;71.5;4;83.0
Collège Pablo Picasso;0382044R;12;0;78.1;9;65.0
Collège Jean Moulin;0570318L;0;0;79.5;7;57.0
Collège Jean Moulin;0240047W;14;55;90.3;26;90.0
Collège Anatole France;0601178E;13;58;79.5;25;85.0
Collège Nelson Mandela;0380013H;0;0;81.4;8;62.0
Collège Le Moulin à Vent;0951697D;12;59;93.0;23;80.0
Collège Paule Berthelot;9730373T;23;18;68.5;9;79.0
Collège Gaston Crochet;9740037X;8;0;82.2;13;75.0
Collège Henri IV;0340118U;0;0;70.9;28;87.0
Collège Jules Ferry;0761704P;12;0;90.3;17;73.0
Collège Henri Fabre;0132214L;0;0;77.3;10;71.0
Collège Les Marches de l'Occitanie;0240043S;0;0;96.2;7;80.0
Collège Jean Zay;0260049M;26;0;92.1;31;77.0
Collège de Majicavo;9760369X;0;99;71.1;15;74.0
Collège Alain;0692342W;13;60;71.8;16;84.0
Collège Simone de Beauvoir;0133196D;10;0;114.7;54;98.0
Collège Kerhallet;0290149E;0;61;73.1;6;66.0
Collège Gisèle Halimi;0330146E;0;0;98.1;50;90.0
Collège Jean Giono;0840116V;11;85;94.6;25;81.0
Collège Fernand Balin;9710025A;0;0;93.9;8;96.0
Collège Henri Matisse;0941231C;0;0;84.8;25;92.0
Collège Marcel Pagnol;0132208E;0;57;83.7;13;82.0
Collège Pierre de Ronsard;0594309N;13;36;73.0;5;78.0
Collège André Malraux;0921545E;12;41;84.1;29;82.0
Collège Molière;0941026E;0;0;89.6;34;94.0
Collège Arche-du-Lude;0370791J;0;0;75.3;4;89.0
Collège Rosa PARKS;0311265G;0;62;78.9;21;68.0
Collège Elsa Triolet;0771337K;0;0;84.2;37;83.0
Collège Jean Giono;0040055N;12;94;87.8;26;93.0
Collège Aimé Césaire;0691666L;13;55;75.7;15;89.0
Collège George Sand;0310086A;0;0;71.9;6;81.0
Collège Dora Maar;0932582B;13;0;79.5;26;84.0
Collège du Val de Nièvre;0801485E;0;50;84.8;12;92.0
Collège Jacques-Yves Cousteau;0762919K;12;0;78.2;10;62.0
Collège Rosa Parks;0132785G;15;0;60.6;12;79.0
Collège Robert Doisneau;0932366S;0;0;76.9;19;77.0
Collège Ylang-Ylang de Kani-Kéli;9760166B;13;0;84.9;27;80.0
Collège Hans Arp;0671907J;12;51;73.2;21;79.0
Collège du Tonkin;0693093M;21;0;92.4;10;73.0
Collège Germain Saint-Ruf;9710406P;33;59;82.5;12;95.0
Collège Clotilde Vautier;0350913C;0;61;84.0;27;87.0
Collège Jules Verne;0860799B;0;0;80.5;14;82.0
Collège Coin Joli Sévigné;0130139F;13;0;83.5;11;88.0
Collège les Tamarins;9740576H;12;0;76.3;12;89.0
Collège Louis Pasteur;0810125W;12;59;89.9;30;81.0
Collège Rosa Parks;0593667R;14;59;62.2;7;74.0
Collège Lou Garlaban;0132412B;14;87;93.3;46;91.0
Collège Victor Hugo;0800036E;14;56;82.0;30;92.0
Collège Travail Langevin;0931220W;0;0;83.2;11;85.0
Collège Anatole France;0594865T;12;0;88.8;20;95.0
Collège François Truffaut;0951920W;9;0;78.0;7;75.0
Collège Gran Man Difou;9730193X;22;34;72.0;2;87.0
Collège Georges Braque;0761786D;0;0;101.9;23;79.0
Collège Émile Gallé;0541211Y;0;0;106.5;36;87.0
Collège Simone Lagrange;0694296V;0;0;80.1;7;76.0
Collège Henri Wallon;0380065P;0;0;83.7;28;87.0
Collège Les Quatre Saisons;0121273U;12;0;98.4;26;88.0
Collège Henri Barbusse;0692336P;13;51;77.4;26;83.0
Collège Lucie Aubrac;0596860L;14;53;79.1;12;80.0
Collège Jean Lurçat;0560215E;0;48;98.1;17;84.0
Collège Ernest Coutelle;0590151U;11;0;88.0;13;88.0
Collège Louis Pasteur;0601297J;12;105;93.3;17;79.0
Collège Jules Ferry;0080105W;10;0;78.7;3;78.0
Collège Michel-Richard Delalande;0911027X;0;57;84.1;10;66.0
Collège Simone Signoret;0623314R;0;0;79.3;19;86.0
Collège Alexandre Dumas;0132491M;10;127;74.2;10;86.0
Collège Jules Massenet;0132207D;12;0;72.5;6;73.0
Collège Aretha Franklin (ex Paul Langevin);0931199Y;8;0;82.2;24;89.0
Collège Maréchal Leclerc de Hauteclocque;0801443J;0;0;81.2;7;75.0
Collège La Grange du Bois;0772274D;13;0;100.5;18;85.0
;0080829H;0;0;93.6;17;89.0
Collège le Dinandier;0500083U;13;35;99.1;11;93.0
Collège Victor Hugo;0951945Y;0;0;77.5;13;89.0
Collège Camille Desmoulins;0020030X;25;68;78.4;18;73.0
Collège Stephen Hawking;0141553M;0;0;92.5;14;88.0
Collège Théodore Monod;0932311G;14;50;93.9;20;91.0
Collège Belle de Mai;0131884C;0;0;72.8;21;89.0
Collège Pierre Valdo;0690249W;13;0;79.4;17;82.0
Collège Gérard Philipe;0761698H;12;0;81.6;10;69.0
Collège Alain-Fournier;0450939B;13;0;74.6;34;77.0
Collège Paul Féval;0350708E;12;108;90.1;16;93.0
Collège Raymond Devos;0594632P;10;40;88.4;8;78.0
Collège Charles Exbrayat;0421086C;13;0;103.8;24;91.0
Collège Fabre d'Eglantine;0171117X;11;0;103.9;46;85.0
Collège Jeanne d'Albret;0640227Z;13;79;96.4;41;89.0
Collège Jules Ferry;0940792A;13;0;79.7;18;81.0
Collège La Nacelle;0911443Z;12;62;82.4;15;77.0
Collège Emmanuel Saldès;9720513A;21;54;80.6;4;78.0
Collège Cleunay;0350760L;11;0;96.6;31;83.0
Collège Anatole France;0593185S;0;53;76.2;21;78.0
Collège Nelson Mandela;0332189A;0;0;92.9;19;61.0
Collège Auguste Lacaussade;9740651P;10;53;76.5;15;78.0
Collège Leconte de Lisle;9740091F;11;0;75.5;33;82.0
Collège Simone Veil;0060838D;26;0;75.5;4;80.0
Collège Federico Garcia Lorca;0931489N;0;39;76.4;13;87.0
Collège François Mahé de la Bourdonnais;9740734E;18;65;72.6;8;89.0
Collège Charles Fauqueux;0601190T;12;47;75.6;6;75.0
Collège de Grazailles;0110810W;26;63;97.1;22;78.0
Collège Louise Michel;0931221X;0;65;74.5;17;76.0
Collège Danielle Casanova;0941032L;0;0;85.3;21;85.0
Collège Toulouse Lautrec;0311112R;17;58;88.7;28;76.0
Collège Stéphane Mallarmé;0132313U;0;0;71.3;5;64.0
Collège Simone Signoret;0900351T;0;85;70.1;5;70.0
Collège Marcel Pagnol;0660522J;15;54;63.3;18;81.0
Collège Molière;0790004A;0;0;84.2;1;88.0
Collège Romain Rolland;0300025P;12;0;59.2;6;78.0
Collège Simone Veil;0950895G;12;0;90.7;21;87.0
Collège les Garrigues;0340109J;12;0;73.0;30;77.0
Collège Henri Wallon;0950888Z;10;48;81.2;17;76.0
Collège Olympe de Gouges;0931710D;0;0;86.3;20;87.0
Collège Beaumarchais;0771420A;13;49;75.3;14;88.0
Collège Karl Marx;0941036R;0;0;86.8;13;82.0
Collège Albert Camus;0911255V;11;60;116.7;30;91.0
Collège Firmin Roz;0870960W;12;0;87.2;4;62.0
Collège Louis Lumière;0010035H;16;0;78.1;18;69.0
Collège de M'Gombani;9760219J;11;0;81.6;25;75.0
Collège Vauban;0594362W;7;28;63.6;11;78.0
Collège Vieux port;0130136C;0;0;80.5;8;79.0
Collège Pierre Gilles de Gennes;0511474A;13;0;85.4;19;91.0
Collège Arthur Rimbaud;0801263N;15;0;75.6;15;84.0
Collège Gérard Philipe;0061174U;0;0;81.1;14;91.0
Collège Jules Michelet;0370041U;0;0;96.0;19;89.0
Collège Joseph Anglade;0110686L;27;0;94.8;31;87.0
Collège Jean Lafosse;9741189Z;24;0;68.3;17;62.0
Collège Fernand Léger;0131705H;0;60;91.9;41;89.0
Collège Jean Vilar;0781914G;11;0;82.3;23;65.0
Collège Jacques Brel;0593686L;0;0;69.0;7;73.0
Collège Max Jacob;0450069F;31;0;89.3;17;86.0
Collège Willy Ronis;0941015T;0;63;91.4;31;85.0
Collège Jean-Louis Etienne;0810126X;13;55;89.9;9;70.0
Collège de Kawéni;9760162X;8;0;66.8;10;72.0
Collège Joseph Ho Ten You;9730483M;18;0;84.3;8;79.0
Collège Louis Pasteur;0090490J;12;0;94.0;15;95.0
Collège Vauban;0541288G;9;0;83.4;12;90.0
Collège Saint-John-Perse;9710826W;13;0;94.8;28;86.0
Collège Pierre Joannon;0421486M;14;0;88.1;29;85.0
Collège Jean Macé;0941296Y;0;62;87.8;19;79.0
Collège Henri IV;0240004Z;14;0;100.4;21;92.0
Collège Jas de Bouffan;0130007M;0;123;79.4;17;67.0
Collège Auguste Renoir;0921622N;0;0;94.1;37;74.0
Collège Jacques-Yves Cousteau;0572690P;28;25;78.1;11;81.0
Collège Paul-Emile Victor;0692159X;0;55;71.1;9;69.0
Collège Rosa Parks;0350895H;11;61;73.9;15;75.0
Collège Peiresc;0830953K;0;0;86.4;20;89.0
Collège Romain Rolland;0761696F;0;0;88.0;19;74.0
Collège Jules Verne;0593254S;11;33;68.5;4;54.0
Collège Dronne-Double;0240055E;0;0;101.4;12;93.0
Collège de Mille Roches;9740598G;11;126;76.6;36;81.0
Collège Chantenay;0440023L;24;59;121.1;47;92.0
Collège Louisa Paulin;0311319R;0;77;92.0;30;86.0
Collège George Sand;0622947S;0;55;95.8;43;81.0
Collège Charlemagne;0020090M;13;64;75.0;19;73.0
Collège Marguerite de Valois;0160884Z;0;0;83.9;15;83.0
Collège Paul Eluard;0921940J;9;0;92.5;15;90.0
Collège Pablo Neruda;0931224A;0;0;80.2;31;83.0
Collège Pierre Mendès France;0592714E;13;49;69.0;5;76.0
Collège Réeberg Néron;9730370P;13;0;96.5;18;82.0
Collège Jean Jaurès;9710041T;0;0;86.0;3;82.0
Collège Alphonse Cytère;0880045W;17;0;93.1;20;84.0
Collège les Petits Sentiers;0280657M;13;100;84.7;8;87.0
Collège Catherine Bernard;0762286X;0;0;102.5;25;86.0
Collège Albert Camus;0620198D;0;0;76.6;18;86.0
Collège Georges Charpak;0952128X;12;0;75.8;10;68.0
Collège Henri Dunant;0271104D;12;0;88.0;13;87.0
Collège Paul Langevin;0100787B;10;0;85.0;20;74.0
Collège Henri Wallon;0830180V;10;69;67.9;7;74.0
Collège Jean de Verrazane;0692703N;12;0;86.8;7;75.0
Collège Anatole France;0280918W;0;96;76.0;11;85.0
Collège Henri Barnier;0131605Z;16;55;59.0;22;78.0
Collège Léon Tolstoï;0720068H;0;0;90.5;19;80.0
Collège Pierre Brossolette;0931860S;12;0;80.9;16;76.0
Collège Maurice Constantin Weyer;0030010V;10;63;92.0;30;90.0
Ma Aiye - Collège d'Apatou;9730337D;31;46;70.6;4;75.0
Collège Alphonse Daudet;0840761W;13;0;73.3;10;69.0
Collège Fontaines Bouillantes;9710026B;8;57;84.0;2;97.0
Collège Charles Baudelaire;0631502R;26;0;72.8;12;79.0
Collège Le Laoul;0070006U;14;44;87.9;21;86.0
Collège Louis Pasteur;0510052E;0;22;91.1;10;80.0
Collège Jean Perrin;0941033M;0;63;86.6;28;90.0
Collège Jean Rostand;0450936Y;11;24;82.2;12;89.0
Collège Edgar Quinet;0170063B;12;108;98.0;22;87.0
Collège Rouget-de-Lisle;0080068F;12;0;80.6;7;74.0
Collège Lavoisier;0594644C;10;0;92.3;20;86.0
Collège Stéphane Mallarmé;0890030Z;12;0;91.9;28;69.0
Collège Les Plaisances;0780116C;12;0;87.5;14;64.0
Collège Paul Gauthier;0840018N;11;81;73.9;17;99.0
Collège du Vauclin;9720031B;0;0;92.6;22;94.0
Collège Maryse Bastié;0511470W;9;66;85.9;40;98.0
Collège Montaigne;0020054Y;0;0;67.7;11;61.0
Collège la Grange aux Belles;0753047E;11;0;114.2;29;78.0
Collège la Binquenais;0351851X;17;63;82.9;20;79.0
Collège Thiers;0131931D;0;0;112.1;33;92.0
Collège des Deux Pins;0340025T;9;55;99.0;24;78.0
Collège Pierre Cuallacci;0622261W;0;21;80.7;21;85.0
Collège Aliénor d'Aquitaine;0332768E;14;0;118.4;47;77.0
Collège les Vallergues;0061279H;0;0;80.3;16;88.0
Collège Pablo Néruda;0594392D;0;0;85.3;5;76.0
Collège Maurice Utrillo;0751793S;0;0;87.1;22;76.0
Collège Henri Matisse;0952036X;11;0;76.6;14;75.0
Collège Eugène Chevreul;0940551N;0;59;94.3;16;86.0
Collège des Pyramides;0911729K;14;0;78.0;17;83.0
Collège Robert 3;9720861D;8;66;89.2;5;88.0
Collège Clovis Hugues;0840020R;13;0;100.6;16;86.0
Collège François Rabelais;0593178J;0;56;85.8;14;90.0
Collège Paul Hermann;9740574F;16;123;68.8;35;86.0
Collège Jules Ferry;0030050N;8;78;94.6;35;83.0
Collège Robert Desnos;0941044Z;0;0;82.3;17;79.0
Collège André Malraux;0451241E;0;40;70.4;20;95.0
Collège la Rochotte;0520737U;10;0;88.3;23;85.0
Collège Jean Moulin;0131265E;0;0;77.9;4;75.0
Collège les Hautes Ourmes;0350963G;0;64;90.4;30;76.0
Collège Paul Langevin;0560214D;0;64;98.6;30;94.0
Collège de Dembéni;9760245M;14;0;64.5;18;58.0
Collège Fred Scamaroni;0080079T;0;48;83.2;14;88.0
Collège Terrain Fayard;9741261C;11;0;73.1;14;79.0
Collège Georges Braque;0761780X;13;0;76.1;4;68.0
Collège Albert Schweitzer;0940006W;12;60;88.3;15;82.0
Collège Marie Curie;0594394F;15;53;77.3;20;79.0
Collège Etienne Dolet;0450055R;11;52;85.5;18;74.0
Collège François Truffaut;0671825V;0;0;68.3;12;88.0
Collège Petit Manoir;9720083H;28;0;101.0;11;88.0
Collège Jean Zay;0593177H;12;42;87.2;9;93.0
Collège Thomas Masaryk;0921180H;0;0;86.3;11;79.0
Collège Moulin Joly;0920592U;0;0;88.6;31;86.0
Collège Raizet;9710405N;27;62;87.6;18;74.0
Collège Victor Hugo;0110021N;29;73;95.4;24;79.0
Collège Navarre;0270022C;12;0;90.5;28;75.0
Collège Ernest Renan;0440311Z;12;54;81.2;20;79.0
Collège Martha Desrumaux;0594881K;0;0;90.7;20;78.0
Collège George Sand;0830955M;0;0;82.9;6;81.0
Collège Simone Veil;0720989J;13;61;81.3;7;78.0
Collège André Maurois;0870072F;0;0;84.7;29;71.0
Collège Paul Valéry;0572166V;14;41;88.4;17;82.0
Collège Antoine de Saint-Exupéry;0560223N;0;80;101.9;22;82.0
Collège Paul Langevin;0620170Y;0;40;73.8;6;94.0
Collège Europa;0261086P;0;0;89.1;24;84.0
Collège Joséphine Baker;0720797A;0;64;78.0;2;85.0
Collège Jean Vilar;0300037C;10;58;85.2;27;73.0
Collège Paul Eluard;0132322D;0;0;90.2;17;83.0
Collège Galilée;0912173T;0;0;90.6;23;83.0
Collège Louis Pasteur;0760086F;0;0;95.8;32;90.0
Collège Honoré de Balzac;0930894S;13;62;90.2;43;87.0
Collège Jean Fernel;0601471Y;24;0;106.8;36;76.0
Collège Didier Daurat;0931187K;9;0;80.6;34;84.0
Collège trois Fontaines;0511214T;11;61;82.8;12;80.0
Collège Albert Camus;0910049J;11;0;82.0;10;81.0
Collège Fréderic Joliot Curie;0593482P;12;58;81.9;10;79.0
Collège La Vaucouleurs;0780569V;12;51;99.3;17;88.0
Collège François Rabelais;0941224V;0;61;80.4;10;86.0
Collège Roger Semet;0711136Z;14;0;93.2;20;98.0
Collège Gustave Courbet;0931223Z;24;46;76.3;26;81.0
Collège Joliot Curie;0594879H;0;0;81.2;15;81.0
Collège Pierre et François Pithou;0100947A;10;0;86.5;24;74.0
Collège Harry GRUCHET - La Chaloupe Saint-Leu;9740018B;10;0;73.3;12;84.0
Collège Jean Vilar;0911036G;8;64;74.0;8;66.0
Collège Honoré Daumier;0132496T;0;0;94.8;14;81.0
Collège Gayant;0595190W;0;28;73.9;9;74.0
Collège Elie Castor;9730145V;8;31;77.5;6;89.0
Collège Pierre Brossolette;0771339M;13;106;81.7;23;88.0
Collège Les Lesques;0331891B;16;0;89.0;21;85.0
Collège Vercors;0381604M;0;0;80.8;7;76.0
Collège Hubert Nero;9720445B;0;0;85.7;12;83.0
Collège Michel Debré;9740620F;16;0;75.1;36;88.0
Collège Chlore Constant;9730173A;24;47;69.5;6;77.0
Collège Jacques Prévert;0890977D;0;58;89.3;14;73.0
Collège Germinal;0594408W;12;45;73.3;7;67.0
Collège Laetitia Bonaparte;6200011T;0;0;108.7;47;88.0
Collège Didier Daurat;0310083X;9;68;93.2;28;88.0
Collège Eugène Nonnon;9730130D;16;0;80.3;11;77.0
Collège Jean Moulin;0190635M;13;62;72.7;9;71.0
Collège Jean Moulin;0132407W;20;119;65.0;4;87.0
Collège Louise Michel;0594288R;0;0;67.9;4;86.0
Collège Paul Eluard;0601605U;12;0;83.6;26;82.0
Collège Les Petits Ponts;0920854D;0;0;94.1;11;77.0
Collège Jean Moulin;0911152H;0;0;99.3;34;82.0
Collège Les Hauts de Plaine;0050452P;0;0;98.9;12;97.0
Collège Montaigne;0491028B;0;0;86.5;8;78.0
Collège Amilcar Zannoni;0541471F;0;0;76.3;13;71.0
Collège Jean Jaurès;0622868F;11;56;74.4;13;79.0
Collège le Cèdre;0760017F;12;57;93.4;28;89.0
Collège Pfeffel;0680009R;18;0;74.8;15;88.0
Collège du Stilettu;6200084X;0;0;105.4;18;87.0
Collège Belle étoile;9720021R;4;62;101.4;17;88.0
Collège Pierre Mendès-France;0752198G;9;51;87.5;18;78.0
Collège Claude Debussy;0491764B;12;58;92.9;14;86.0
Collège Louis Armand;0881097P;11;0;102.9;32;89.0
Collège Molière;0680084X;18;104;66.7;12;77.0
Collège Jean Moulin;0622095R;0;52;78.5;4;79.0
Collège Pablo Neruda;0931379U;0;53;77.3;21;93.0
Collège Jean Dasté;0421686E;12;56;71.7;16;77.0
Collège Le Village;0910021D;0;59;93.8;13;87.0
Collège Albert Cron;0941679P;0;0;96.9;16;84.0
Collège de Zena M'Dere;9760183V;13;0;91.8;32;77.0
Collège Albert Calmette;0870117E;12;61;96.4;42;82.0
Collège Maurice Utrillo;0692420F;14;49;93.9;36;87.0
Collège Jean-Philippe Rameau;0211357L;0;0;85.1;23;87.0
Collège Lamartine;0692337R;13;0;74.5;10;67.0
Collège Saint-Exupéry;0590157A;0;0;81.8;10;79.0
Collège Barbara;0931147S;12;0;79.1;14;78.0
Collège Fernand Léger;0761949F;12;0;81.2;11;74.0
Collège Georges Brassens;0110068P;0;0;88.6;11;72.0
Collège Jean Rostand;0622578R;0;0;91.1;14;87.0
Collège Joliot Curie;0931225B;13;0;77.0;11;73.0
Collège Plateau Goyaves;9740841W;6;124;71.4;14;77.0
Collège Colette;0691497C;12;0;85.2;17;79.0
Collège Pierre Mendès France;0851163C;0;0;87.7;15;88.0
Collège Gérard Philipe;0381810L;14;56;84.4;19;88.0
Collège l'Oasis;9740812P;11;127;71.0;22;83.0
Collège Marcel Pagnol;0831115L;11;0;85.4;11;84.0
Collège Michelle Pallet;0160113L;0;0;64.1;2;54.0
Collège Léon Blum;0311687R;16;0;112.3;48;92.0
Collège Paul Kapel;9730091L;26;0;74.8;26;89.0
Collège Jean Zay;0594409X;0;0;71.0;7;82.0
Collège Nelson Mandela;0930611J;0;0;80.0;9;73.0
Collège Les Hauts de Blémont;0570127D;0;0;59.4;14;74.0
Collège Bel Air;0681961M;18;0;85.0;27;91.0
Collège Charles de Gaulle;0594418G;0;0;73.6;5;78.0
Collège Suzanne Lacore Paris Nord Est;0755747P;11;0;93.6;11;66.0
Collège Pierre Mendès France;0170077S;14;0;70.9;10;77.0
Collège Gabriel Hanotaux;0020055Z;3;58;90.4;14;81.0
Collège Lucie Faure;0750550R;0;0;105.4;19;76.0
Collège les Iris;0690280E;13;0;84.6;14;75.0
Collège Maurice Ravel;0752557X;0;0;117.8;31;85.0
Collège Théodore Monod;0693834T;13;0;83.9;34;92.0
Collège Saint-Exupéry;0880149J;0;0;68.2;5;66.0
Collège André Canivez;0594402P;0;49;72.3;25;76.0
Collège Emile Chartier;0760021K;0;0;108.7;28;88.0
Collège Georges Rayet;0331419N;8;0;107.4;50;87.0
Collège Eugène Thomas;0590109Y;13;0;71.7;4;78.0
Collège Françoise Dolto;0750552T;11;0;116.5;40;86.0
Collège Bourbon;9740080U;6;0;71.3;26;74.0
Collège Léon Blum;0950939E;12;52;72.1;13;71.0
Collège Victor Grignard;0691669P;14;0;89.3;15;84.0
Collège Aurélie Lambourde;9710938T;0;0;87.6;17;79.0
Collège Martin Luther King;0623918X;0;0;72.8;10;79.0
Collège Emile Zola;0622098U;0;0;84.1;23;94.0
Collège Anatole France;0870791M;12;58;85.5;9;68.0
Collège Gérard Café;9720447D;0;46;95.6;7;91.0
Collège Anne Frank;0520049W;11;69;71.6;10;88.0
Collège Robert Schuman;0572491Y;0;0;78.4;15;85.0
Collège André Dunoyer de Segonzac;0911022S;0;0;102.6;35;91.0
Collège La Courtille;0931490P;0;0;76.0;4;74.0
Collège Arlette Hee-Fergant;0610045T;0;0;90.5;5;73.0
Collège Jean Moulin;0710056A;13;64;73.5;16;84.0
Collège Léon Blum;0620180J;12;59;83.6;15;88.0
Collège Elsa Triolet;0301282F;10;52;87.2;22;85.0
Collège Maxence Van Der Meersch;0595168X;0;0;68.4;7;74.0
Collège Sadi Carnot;9710073C;29;0;89.6;15;91.0
Collège de Trois Bassins;9740085Z;12;0;77.6;10;80.0
Collège Arthur Rimbaud;0341278E;12;63;69.4;28;79.0
Collège Henri Tomasi Penta di Casinca;7200160L;0;12;92.5;24;79.0
Collège Raymond Poincaré;0931188L;14;0;81.4;22;79.0
Collège Eugène Mona;9720028Y;0;0;90.0;2;100.0
Collège L'Estaque;0131757P;12;0;99.6;14;72.0
Collège Maurice Barrès;0881145S;12;46;97.3;13;69.0
Collège Saint-Joseph;7200012A;7;0;79.7;4;91.0
Collège Rosa Parks;0360541T;0;62;69.2;10;76.0
Collège Evariste Galois;0931190N;0;52;74.1;17;65.0
Collège de Gassicourt;0781955B;11;0;81.7;14;81.0
Collège Albert Jacquard;0700045U;12;58;98.8;55;87.0
Collège Robert Schuman;0573268T;0;19;67.0;7;88.0
Collège Liberté;0940071S;13;0;103.8;11;91.0
Collège Descartes;0590155Y;13;0;99.1;20;76.0
Collège François Rabelais;0490921K;0;0;95.5;30;76.0
Collège Pierre de Coubertin;0830163B;11;60;91.6;22;82.0
Collège Gérard Philipe;0341364Y;13;0;82.7;11;75.0
Collège Jacques Prévert;0550701N;8;49;80.7;13;75.0
Collège Françoise Dolto;0611156A;10;0;91.1;21;88.0
Collège Anne Frank;0681757R;10;0;76.6;6;81.0
Collège Claude Debussy;0440286X;0;0;73.1;10;71.0
Collège Jean Jaurès;0590131X;0;0;74.4;27;92.0
Collège Léo Lagrange;0762128A;13;58;80.0;2;64.0
Collège Pierre Bodet;0161075G;11;0;94.3;14;90.0
Collège Jean Moulin;0761781Y;6;35;83.6;17;66.0
Collège Jean Michaud;0160793A;0;0;87.3;11;89.0
Collège Le Fairage;0500053L;0;0;92.1;5;85.0
Collège Henri Wallon;0941781A;0;0;90.2;23;88.0
Collège Jacques Prévert;0421487N;13;63;102.7;54;91.0
Collège Georges Duhamel;0951696C;14;0;118.3;35;92.0
Collège Alexandre Dreux;0572187T;0;0;92.5;24;84.0
Collège La Durantière;0441608J;24;52;76.3;7;76.0
Collège Jean Zay;0931612X;0;51;75.9;12;80.0
Collège Jean Deconinck;0593663L;0;54;74.3;4;84.0
Collège Adam Billaut;0580599L;25;0;97.6;23;76.0
Collège Emile Zola;0595169Y;13;0;78.8;3;84.0
Collège Nelson Mandela;0141363F;0;0;81.2;10;76.0
Collège de M'Tsamboro;9760230W;15;67;70.4;15;64.0
Collège Paul Eluard;0761647C;12;62;91.1;10;82.0
Collège Evariste Galois;0950045H;12;59;75.1;7;82.0
Collège Jacques Decour;0370766G;0;0;69.6;14;91.0
Collège Joachim du Bellay;0491675E;0;60;74.4;13;81.0
Collège Jean Moulin;0940581W;0;0;90.7;22;89.0
Collège Capouchiné;0300062E;21;0;78.9;16;64.0
Collège Nestor de Kermadec;9710661S;0;0;67.8;3;84.0
Collège Antoine Risso;0060045S;0;0;74.5;21;91.0
Collège Jean-François Champollion;0210024M;10;0;101.0;27;80.0
Collège Jean de La Fontaine;0772056S;0;0;79.2;21;85.0
Collège Jules Reydellet;9740595D;12;0;76.7;7;69.0
Collège Jean Rostand;0440055W;0;0;123.6;58;93.0
Collège Max Jacob;0291087Z;13;50;89.1;19;63.0
Collège Denis Diderot;0931186J;0;0;85.3;12;87.0
Collège Pierre Varignon;0141136J;15;0;88.3;10;86.0
Collège Louise Michel;0801341Y;0;61;81.0;6;90.0
Collège Paul Valéry;0260117L;0;0;84.9;19;77.0
Collège Max Jacob;0560020T;0;35;95.6;5;93.0
Collège Albert Camus;0930586G;14;0;99.4;21;82.0
Collège Plaisance;0940100Y;16;0;103.3;26;93.0
Collège Maximilien Robespierre;0132323E;0;27;86.3;19;88.0
Collège Maryse Bastié;0390883Y;0;114;88.0;15;72.0
Collège Robespierre;0931145P;0;51;85.2;28;88.0
Collège Montesquieu;0911444A;12;0;78.5;7;79.0
Collège Antoine Soubou;9740596E;0;32;80.5;18;76.0
Collège Michel Servet;0741165P;15;0;82.8;35;74.0
Collège de la Durolle;0631762Y;0;0;88.1;19;87.0
Collège George Sand;0860876K;0;59;84.2;15;80.0
Collège Marcel Goulette;9740546A;22;0;92.0;40;69.0
Collège le Ried;0670004R;13;51;82.8;48;95.0
Collège Henri Barbusse;0921631Y;0;0;91.0;17;88.0
Collège Jean Jaurès;0691664J;14;50;84.4;14;71.0
Collège Jean Vilar;0381903M;13;59;72.7;8;75.0
Collège innovant Pierre Emmanuel;0642095E;0;0;91.3;14;95.0
Collège Pont de Vivaux;0132204A;15;0;76.8;7;70.0
Collège René Cassin;0931883S;14;0;77.8;8;90.0
Collège Edouard Lucas;0800018K;26;61;91.8;25;85.0
Collège Alfred Manessier;0801487G;0;0;86.0;7;83.0
Collège Louis Aragon;0421852K;13;56;85.7;15;74.0
Collège Jean Jaurès;0622094P;12;50;88.1;35;99.0
Collège Claude Tillier;0580669M;10;53;97.8;21;90.0
Collège Leclerc;0311851U;15;0;96.2;21;78.0
Collège Victor Hugo;0594297A;13;34;83.9;4;67.0
Collège Amiral Pierre Bouvet;9740083X;12;0;71.5;27;88.0
Collège François Mitterrand;0330106L;14;0;95.0;32;81.0
Collège Bois Rada;9711181G;0;0;93.9;21;94.0
Collège Miriam Makeba;0932726H;9;0;87.1;14;88.0
Collège Edouard Manet;0131703F;0;89;59.6;7;90.0
Collège Paul Eluard;0840699D;0;0;82.3;15;79.0
Collège La Milliaire;0572355A;28;76;88.1;12;77.0
Collège Jean Moulin;0690099H;17;51;74.9;14;87.0
Collège Saint-Exupéry;0930593P;0;54;102.8;18;86.0
Collège Paul Eluard;0911042N;15;0;86.4;14;81.0
Collège Jean Monnet;0470046V;0;38;91.0;14;77.0
Collège Aimé Césaire;0911334F;13;48;80.3;9;81.0
Collège Chemin Morin;9741386N;8;0;76.8;17;81.0
Collège Jean Zay;0760173A;0;0;96.6;27;77.0
Collège François Villon;0681395X;10;79;67.5;18;74.0
Collège Colbert;0510044W;12;0;76.8;22;88.0
Collège Jean Mermoz;0451450G;0;0;75.6;11;87.0
Collège Bayard;0594300D;12;46;69.4;11;84.0
Collège Jules Verne;0030119N;8;0;90.5;16;91.0
Collège Jacques Prévert;0622871J;13;48;88.0;35;85.0
Collège Albert Camus;0100009F;0;0;83.9;26;74.0
Collège Tomas Divi;0280656L;11;0;82.4;4;86.0
Collège Paul Langevin;0660523K;12;0;96.5;36;89.0
Collège Stockfeld;0671691Z;13;79;74.7;10;62.0
Collège Louis Blériot;0922630J;12;0;126.9;50;89.0
Collège du Val de Saye;0331888Y;14;0;91.8;42;79.0
Collège les Hautes Vignes;0251397H;0;0;81.7;17;86.0
Collège Elsa Triolet;0752385K;10;53;101.5;21;81.0
Collège Frédéric Mistral;0840758T;0;0;86.7;27;92.0
Collège des Toupets;0951636M;0;0;103.4;24;80.0
Collège Léonard Lenoir;0331618E;11;0;105.9;14;82.0
Collège Colbert Quentin;0020039G;0;0;86.9;11;91.0
Collège Eugène Varlin;0761782Z;12;59;69.3;6;78.0
Collège Côte Rousse;0730901H;0;0;78.6;17;84.0
Collège les Bruyères;0251599C;11;0;79.9;20;82.0
Collège Edouard Manet;0921159K;11;0;84.5;27;81.0
Collège Joseph Sébastien Pons;0660012E;23;57;68.7;11;67.0
Collège Jean Brunet;0840051Z;0;0;82.3;18;82.0
Collège Victoire Daubié;0010974D;0;90;89.6;36;75.0
Collège Amédée Laplace;0940003T;0;0;83.8;14;84.0
Collège Lucie Aubrac;0691483M;13;0;81.1;9;71.0
Collège Wolf;0681284B;0;0;67.9;18;78.0
Collège Jean Zay;0790027A;14;0;104.9;27;81.0
Collège des Trois Frontières;0541578X;0;0;83.2;19;84.0
Collège Le Carré Sainte-Honorine;0950945L;0;54;107.5;42;85.0
Collège Jean Macé;0660017K;0;0;85.4;19;85.0
Collège Paul Eluard;0650034J;0;69;90.4;23;80.0
Collège Robert Schuman;0710534V;0;60;79.2;10;71.0
Collège Jean Perrin;0341066Z;12;60;83.6;27;70.0
Collège Carco;0121213D;23;0;98.2;45;82.0
Collège Roland Garros;0940749D;0;0;75.2;13;64.0
Collège Stendhal;0440284V;0;0;78.7;19;70.0
Collège Alsace Corré;9740096L;10;0;76.5;5;75.0
Collège Claude Nougaro;0311232W;0;0;102.1;21;87.0
Collège Jean Lurçat;0950723V;13;0;78.7;13;77.0
Collège Robert Schuman;0511085C;12;0;87.6;34;87.0
Collège Francisco Goya;0331462K;0;0;117.5;30;91.0
Collège de Guinette;0911402E;13;62;83.9;15;92.0
Collège Madame de Sévigné;0590183D;15;0;68.3;4;79.0
Collège Pablo Picasso;0762133F;0;0;87.5;32;93.0
Collège Emile Lambert;0601821D;8;0;93.6;15;78.0
Collège Jean Lamour;0541327Z;0;0;75.0;14;82.0
Collège Pierre Mendès France;0601718S;14;0;93.2;19;86.0
Collège Théodore Monod;0590002G;13;60;81.5;17;68.0
Collège Joseph Lagrosillière;9720006Z;18;0;95.4;7;95.0
Collège Jean Perrin;0753939Z;0;0;81.1;15;82.0
Collège Gustave Courbet;0761954L;12;50;83.8;15;76.0
Collège Alphonse Daudet;0132409Y;0;96;84.3;18;90.0
Collège Anselme Mathieu;0840108L;0;93;62.7;6;89.0
Collège Paul Langevin;0590058T;0;0;79.4;13;89.0
Collège Maximilien de Robespierre;0950026M;14;79;80.5;18;87.0
Collège Louise Michel;0134022B;24;82;88.1;17;82.0
Collège Jouffroy d'Abbans;0250056A;12;64;79.5;27;78.0
Collège André Tiraqueau;0850067L;13;59;95.3;26;69.0
Collège Jean Jaurès;0331885V;14;55;87.5;22;80.0
Collège Savaldor Allende;0382174G;15;105;87.4;27;75.0
Collège Nelson Mandela;0672194W;11;42;102.2;51;98.0
Collège La Canopée (Matoury I);9730182K;17;0;84.3;20;85.0
Collège Sophie Germain;0671590P;13;53;74.6;19;84.0
Collège Jean Jaurès;0572587C;12;47;89.6;18;73.0
Collège Romain Rolland;0930616P;14;0;73.4;12;87.0
Collège Jean de Beaumont;0930043S;0;0;95.5;28;91.0
Collège Jean-Jacques Rousseau;0601177D;13;60;75.0;28;78.0
Collège Albert Camus;0771172F;0;53;72.7;18;88.0
Collège des Thermes;0701192R;9;57;89.1;31;81.0
Collège Marie Curie;0754706H;12;0;103.1;25;81.0
Collège Henri Sellier;0931788N;14;0;86.1;17;80.0
Collège Romain Rolland;0590238N;0;0;78.8;16;75.0
Collège César Franck;0800019L;14;50;68.0;7;70.0
Collège Thomas Mann;0755000C;0;0;98.3;48;87.0
Collège Jean Rostand;0421688G;0;0;86.5;12;84.0
Collège Honoré de Balzac;0691480J;13;0;84.1;15;90.0
Collège La Boétie;0772191N;0;0;103.8;22;94.0
Collège Jean Moulin;0931151W;0;50;95.6;22;75.0
Collège Jules Solesse;9740093H;12;127;94.5;48;83.0
Collège Jean-Henri Fabre;0060841G;0;87;88.6;23;87.0
Collège de Châteaudun;0900017E;12;0;85.9;15;77.0
Collège Jean Jaurès;0810960D;13;0;108.6;33;85.0
Collège Victor Hugo;0931978V;0;0;93.4;22;83.0
Collège les Chalais;0350734H;0;0;82.7;33;89.0
Collège Georges Cobast;0020075W;25;76;80.5;10;70.0
Collège Nicolas Boileau;0940787V;12;0;81.9;11;90.0
Collège Lise Ophion (Matoury II);9730218Z;26;0;73.4;2;75.0
Collège international Joseph Vernier;0060085K;0;0;86.5;21;84.0
Collège Paul Eluard;0691730F;6;0;74.2;14;71.0
Collège Georges Braque;0511802G;12;0;72.4;15;79.0
Collège Montesquieu;0451070U;18;46;81.3;16;87.0
Collège Jean-Jacques Rousseau;0931219V;0;0;94.9;25;81.0
Collège Léo Lagrange;0593252P;11;52;82.3;9;81.0
Collège Rosa Parks;0440309X;0;0;76.2;8;71.0
Collège Guy Môquet;0941039U;12;0;86.8;6;77.0
Collège Marais de Villiers;0931211L;0;0;88.1;25;82.0
Collège Victor Hugo;0920882J;0;0;94.9;21;85.0
Collège Paul Eluard;0594301E;13;49;75.6;18;91.0
Collège Marie Laurencin;0692700K;13;52;95.7;40;78.0
Collège Abel Minard;0890980G;12;94;91.5;22;77.0
Collège Georges Politzer;0931148T;14;55;84.6;26;84.0
Collège Henri Baumont;0600007G;13;0;72.5;24;84.0
Collège la Chaussonnière;0501525L;0;39;99.7;19;89.0
Collège Jules Vallès;0421176A;0;61;65.3;7;75.0
Collège Gaëtan Denain;0600018U;0;0;81.2;15;77.0
Collège Flora Tristan;0753046D;0;0;102.7;33;90.0
Collège Ampère;0132572A;12;0;85.5;26;80.0
Collège Pierre Norange;0441613P;12;65;70.6;5;68.0
Collège Victor Hugo;0941101L;0;0;99.4;15;91.0
Collège Pierre de Geyter;0931231H;0;0;86.0;14;61.0
Collège Louis Aragon;0382104F;14;93;84.6;16;69.0
Collège Maria de Peretti;6200697N;14;53;96.2;22;91.0
Collège Lucien Vadez;0622273J;0;54;66.4;7;88.0
Collège Jules Lagneau;0570069R;14;0;81.4;10;74.0
Collège Françoise Héritier;0932725G;10;0;90.8;8;83.0
Collège Albert Roussel;0594293W;0;0;73.2;15;81.0
Collège Olympe de Gouges;0240106K;0;0;92.1;12;73.0
Collège Marcel Pagnol;0260978X;0;61;93.5;30;92.0
Collège Joliot-Curie;0511251H;0;67;68.2;8;95.0
Collège Pierre Donzelot;0870071E;0;0;111.0;43;86.0
Collège Lucie Aubrac;0593664M;11;0;71.4;17;97.0
Collège Libertaire Rutigliano;0440283U;0;48;97.2;20;78.0
Collège Gabriel Rosset;0692578C;9;0;82.8;35;85.0
Collège Boris Vian;0211523S;11;0;93.0;10;91.0
Collège Kennedy;0680105V;12;68;73.1;16;77.0
Collège Perrot d'Ablancourt;0510011K;13;0;95.6;32;90.0
Collège Voltaire;0840033E;12;0;86.7;11;93.0
Collège Georges Brassens;0950934Z;0;47;87.4;18;79.0
Collège Joliot Curie;0691479H;10;0;78.4;22;85.0
Collège Antoine de Saint-Exupéry;0950739M;0;32;86.2;6;81.0
Collège Jules Ferry;0941024C;0;0;95.7;10;77.0
Collège Georges Clemenceau;0750546L;0;0;80.0;15;85.0
Collège Claudie Haigneré;0570326V;27;31;73.5;18;82.0
Collège Vallis Aeria;0840716X;0;50;91.5;12;94.0
Collège Jean Jaurès;0931216S;0;0;73.6;22;81.0
Collège Gassendi;0040022C;13;91;108.5;36;92.0
Collège Jacques Prévert;0710536X;11;60;93.5;23;92.0
Collège Jean Rogissart;0080036W;0;45;84.1;15;79.0
Collège Edmond Rostand;0131260Z;10;0;70.2;10;80.0
Collège Jean de l'Epine;0720799C;7;0;108.9;31;89.0
Collège Leodate Volmar;9730348R;34;0;64.1;4;79.0
Collège du Fiumorbo;7200086F;12;16;93.1;34;82.0
Collège Victor Hugo;0622791X;11;59;77.1;15;79.0
Collège Louis Armand;0771518G;0;0;84.0;19;87.0
Collège Gérard Philipe;0631120A;0;60;70.5;11;73.0
Collège Auguste Renoir;0131261A;0;0;71.2;12;84.0
Collège René Descartes;0593660H;0;0;76.6;10;74.0
Collège Henri Longchambon;0692340U;1;61;76.6;15;66.0
Collège Edgar Quinet;0131935H;0;0;64.2;20;95.0
Collège Arthur Rimbaud;0900018F;0;0;97.1;24;88.0
Collège Paul Langevin;0620055Y;0;37;62.8;2;96.0
Collège de M'Tsangamouji;9760167C;7;51;90.2;11;95.0
Collège André Chêne;0451544J;0;0;92.0;28;74.0
Collège La Fayette;0170081W;0;126;93.3;10;77.0
Collège Nicolas Untersteller;0570104D;22;0;68.3;25;87.0
Collège Jean Jaurès;0594412A;0;33;79.9;21;74.0
Collège André Malraux;0771761W;0;0;70.6;7;77.0
Collège Jean-Louis Trintignant;0301721H;12;0;108.7;28;91.0
Collège Romain Rolland;0921168V;8;47;90.5;12;91.0
Collège Boieldieu;0760100W;12;0;75.6;4;72.0
Collège Joseph Julien Souhait;0881099S;12;0;94.4;18;87.0
Collège Eugène Thomas;0595172B;0;37;112.8;46;90.0
Collège Denis Diderot;0761737A;0;0;85.6;12;88.0
Collège Robespierre;0762132E;0;0;72.0;6;85.0
Collège André Boutry;0030021G;0;0;89.0;12;89.0
Collège Gustave Monod;0940794C;0;0;76.8;13;70.0
Collège Emile Littré;0593484S;12;40;82.3;4;63.0
Collège Geneviève Anthonioz de Gaulle;0740911N;26;0;85.6;25;82.0
Collège Rosa Parks;0941099J;0;0;92.0;29;86.0
Collège de Bandrelé;9760179R;12;0;81.9;10;70.0
Collège Puits de la Loire;0420916T;10;63;78.8;13;62.0
Collège Verlaine;0590271Z;0;53;78.9;1;86.0
Collège Jean Jaurès;0622572J;0;46;83.3;7;97.0
Collège Joliot Curie;0622946R;0;0;88.5;22;84.0
Collège Galilée;0672765S;0;0;94.9;36;94.0
Collège Paul Painlevé;0930897V;14;0;76.8;22;85.0
Collège Condorcet;0300141R;11;93;67.7;8;62.0
Collège Carnot;0061240R;0;0;88.3;27;80.0
Collège Jean Rostand;0490048L;0;55;89.4;11;77.0
Collège Jean Vilar;0711348E;0;0;94.4;39;96.0
Collège de la Pléiade;0932262D;0;0;79.1;13;79.0
Collège Desaix;0650031F;14;0;89.9;27;79.0
Collège Albert Lougnon;9740039Z;14;0;82.2;27;83.0
Collège Marcel Pagnol;0840029A;0;60;98.2;15;89.0
Collège Les Loges;0580542Z;21;0;88.7;12;62.0
Collège François Rabelais;0410952M;12;0;66.9;7;72.0
Collège Jean Macé;0620096T;0;51;82.9;8;73.0
Collège du Vallon;0711294W;14;56;91.8;16;87.0
Collège Eugène Vigne;0301208A;13;0;83.3;17;80.0
Collège Georges Cuvier;0762287Y;0;0;91.0;9;70.0
Collège Sédar Senghor;0911570M;0;63;73.9;16;71.0
Collège Rouget de Lisle;0670066H;10;63;83.2;30;77.0
Collège Evariste Galois;0931207G;13;0;85.9;23;85.0
Collège Lenain de Tillemont;0931212M;14;54;77.6;4;79.0
Collège Gérard Philipe;0951617S;10;0;88.0;8;85.0
Collège John Kennedy;0720001K;13;62;92.0;32;89.0
Collège Irène Joliot-Curie;0950885W;12;0;78.9;15;88.0
Collège Mariama Salim de Sada;9760180S;14;0;89.5;12;90.0
Collège Élie Faure;0330163Y;16;44;87.9;10;69.0
Collège Jacobins;0100038M;9;0;71.1;18;81.0
Collège Thomas Pesquet;0810961E;12;0;80.8;15;78.0
Collège Blaise Pascal;0622087G;0;0;78.8;14;81.0
Collège Henri de Navarre;0331621H;16;102;81.2;20;72.0
Collège François Mitterrand;0820017Y;28;49;88.2;40;87.0
Collège Albert Camus;0640609P;13;55;83.7;23;85.0
Collège Louis Armand;0572493A;0;0;71.9;10;95.0
Collège André Doucet;0921394R;12;43;86.6;15;93.0
Collège Les Sablons;0910971L;6;61;86.4;17;68.0
Collège Léonard de Vinci;0900006T;12;0;86.8;40;83.0
Collège Jean Monnet;0610057F;13;55;82.1;15;79.0
Collège Louis Aragon;0951800R;0;0;90.4;24;80.0
Collège Robert Doisneau;0754355B;11;46;97.4;25;85.0
Collège Louis Pasteur;0910718L;0;0;92.2;28;87.0
Collège Robert Doisneau;0770019C;25;91;85.1;19;83.0
Collège des trois Vallées;0240056F;0;0;97.6;17;83.0
Collège Angellier;0620051U;11;44;75.7;6;98.0
Collège Jean Monnet;0590046E;0;0;81.2;16;74.0
Collège Fréderic Mistral;0340031Z;10;0;78.2;20;70.0
Collège Guillaume Budé;0752695X;0;0;93.5;30;78.0
Collège Rosa Luxembourg;0932272P;14;56;77.8;16;64.0
Collège Anne de Montmorency;0020024R;7;24;92.9;20;67.0
Collège Albert Camus;0720800D;13;0;101.6;17;82.0
Collège la Bruyère;0371158H;0;0;88.7;17;92.0
Collège Victor Schoelcher (Kourou II);9730237V;23;0;78.8;19;91.0
Collège Jean Macé;0860702W;12;0;86.9;9;84.0
Collège Elisabeth de Nassau;0080046G;12;0;95.7;32;79.0
Collège Jean-Baptiste Lebas;0590190L;0;0;64.6;7;73.0
Collège Marcel Pagnol;0810127Y;0;0;88.0;20;90.0
Collège Jean Moulin;0950722U;12;0;88.7;8;70.0
Collège Dorval;0941042X;13;0;90.9;21;74.0
Collège Simone Veil;0131881Z;8;0;103.1;49;99.0
Collège Fréderic Joliot Curie;0620068M;0;0;84.7;13;86.0
Collège Jean Racine;0220054P;12;0;101.8;30;83.0
Collège Jean Monnet;0810061B;13;118;84.5;18;93.0
Collège Emile Zola;0690007H;13;55;98.8;47;84.0
Collège Victor Prouvé;0540047H;13;0;110.6;19;90.0
Collège La Justice;0951401G;17;38;84.7;19;63.0
Collège Marie Curie;0594304H;0;0;89.5;19;79.0
Collège Golfe des Pictons;0850014D;0;0;95.3;12;75.0
Collège Olivier de Magny;0460528Z;10;63;108.6;29;96.0
Collège Aimé Césaire;0383370G;0;0;89.4;30;82.0
Collège Gisèle Halimi;0932694Y;0;0;74.8;26;75.0
Collège Léonard de Vinci;0921179G;6;0;102.3;13;90.0
Collège Champs Plaisants;0890790A;10;84;86.1;41;85.0
Collège Marx Dormoy;0752196E;0;51;88.3;34;91.0
Collège Pierre et Marie Curie;0280716B;0;42;78.4;11;85.0
Collège Elsa Triolet;0692343X;13;64;67.3;17;79.0
Collège Jean Moulin;0020076X;0;0;79.9;12;76.0
Collège Georges Braque;0931485J;0;0;78.0;15;84.0
Collège Costa-Gavras;0720987G;13;0;60.8;5;72.0
Collège Louis Guilloux;0221037H;0;0;89.4;1;94.0
Collège Front de Mer;9710686U;21;97;81.1;5;91.0
Collège Jean Jaurès;0931546A;12;0;89.6;13;70.0
Collège Jean Jaurès;0931607S;13;51;86.4;26;65.0
Collège de Ouangani;9760371Z;6;103;77.4;9;67.0
Collège Arthur Rimbaud;0441727N;11;0;86.7;6;84.0
Collège Elsa Triolet;0941092B;0;0;78.5;11;60.0
Collège Langevin-Wallon;0622424Y;0;58;76.1;13;92.0
Collège Josquin des Prés;0590050J;12;46;72.9;7;74.0
Collège Henri Barbusse;0931232J;0;60;87.5;19;87.0
Collège Maurice Utrillo;0951909J;14;0;101.2;32;80.0
Collège Jean Pelletier;0451421A;0;0;89.5;21;68.0
Collège Jean Wiener;0772090D;9;54;98.5;18;95.0
Collège Félicien Joly;0592751V;0;0;78.1;15;72.0
Collège Jules Ferry;0572579U;0;0;64.7;15;83.0
Collège la Rabière;0370071B;0;59;70.3;5;63.0
Collège Bouéni-MTiti;9760008E;4;84;72.5;18;74.0
Collège Claude Boucher;0160864C;0;53;83.6;15;75.0
Collège Lucie Aubrac;0951356H;0;0;81.2;13;69.0
Collège international Vauban;0671909L;14;0;105.6;57;98.0
Collège Alice Guy;0694295U;0;0;87.5;7;59.0
Collège Robert Desnos;0593483R;15;0;86.3;20;80.0
Collège Joséphine Baker;0932261C;14;0;84.5;14;83.0
Collège Jean Lurçat;0911025V;12;62;83.2;30;89.0
Collège Honoré de Balzac;0771621U;0;0;92.7;12;76.0
Collège République;0931194T;14;67;79.2;16;73.0
Collège Olympique;0381780D;0;0;74.3;9;83.0
Collège Nicolas Robert;0280753S;13;0;93.1;16;84.0
Collège Jules Verne;0300059B;12;0;72.9;5;60.0
Collège Georges Rouault;0753938Y;0;0;90.0;19;81.0
Collège Jean Moulin;0440314C;13;60;101.2;35;87.0
Collège René Descartes;0931433C;0;56;76.4;28;85.0
Collège Lucie Aubrac;0940786U;0;0;79.6;15;64.0
Collège Paul Verlaine;0780572Y;0;44;86.9;22;89.0
Collège Henri Dunant;0210025N;0;0;93.8;7;82.0
Collège Jean le Toullec;9741313J;11;92;70.3;10;77.0
Collège Jean Zay;0950037Z;0;0;91.8;20;83.0
Collège intercommunal Maurice Schumann;0596529B;14;0;89.6;33;77.0
Collège la Clavelière;0691673U;12;0;89.7;17;88.0
Collège Saint-Exupéry;0500068C;0;39;85.5;11;92.0
Collège Elisabeth et Robert Badinter;0160024P;0;0;98.0;27;79.0
Collège Gaston Bachelard;0211162Z;18;59;101.1;23;82.0
Collège Edouard Herriot;0600036N;9;0;82.1;12;70.0
Collège Frédéric Mistral;0060840F;35;60;83.9;23;77.0
Collège de Chiconi;9760119A;14;0;77.4;11;75.0
Collège Victor Hugo;0090007J;0;0;92.1;9;82.0
Collège Jean Macé;0590031N;12;52;76.9;22;85.0
Collège Bellevue;0440013A;0;0;94.3;8;87.0
Collège Théodore Monod;0594634S;13;55;72.9;8;70.0
Collège Paul Jean Louis;9730329V;19;101;65.2;1;66.0
Collège Guy Mareschal;0801616X;26;53;78.9;5;79.0
Collège Léon Blum;0941022A;0;54;102.4;27;90.0
Collège François Rabelais;0572168X;0;0;83.2;12;73.0
Collège Descartes;0761739C;0;63;70.1;13;89.0
Collège Georges Politzer;0271095U;12;65;84.3;29;78.0
Collège Jean de Saint-Aubert;0622239X;0;0;82.0;12;79.0
Collège Ligne des Bambous;9741346V;11;63;88.8;51;85.0
Collège Marie Curie;0271096V;11;0;99.7;37;91.0
Collège Leclerc;0670065G;0;0;87.0;10;73.0
Collège Pasteur;0080839U;8;46;78.8;22;92.0
Collège Penn Ar C'hleuz;0290100B;11;0;92.3;44;95.0
Collège Lamartine;0021535H;19;0;100.8;24;95.0
Collège Thérésien Cadet;9740044E;12;0;79.9;14;92.0
Collège Alphonse Allais;0271286B;12;62;78.5;13;95.0
Collège Charles Gounod;0762089H;0;0;87.3;17;83.0
Collège Sévigné;0620021L;11;58;75.9;20;83.0
Collège Camille Claudel;0761745J;0;0;81.7;20;84.0
Collège Jean Macé;0280034K;0;0;90.0;15;83.0
Collège Edmond Rostand;0622428C;15;56;84.3;28;93.0
Collège Maurice Genevoix;0830148K;0;0;79.1;20;82.0
Collège Voltaire;0951196J;17;0;75.0;14;84.0
Collège Achille Mauzan;0050025A;12;54;105.1;32;90.0
Collège Louis Delgrès;9720446C;18;32;82.0;2;83.0
Collège Robespierre;0590200X;0;0;82.6;12;85.0
Collège Pierre et Marie Curie;0790052C;24;79;103.3;41;89.0
Collège Paul Fourrey;0890017K;0;0;87.2;9;86.0
Collège la Marine;9741047V;11;0;83.1;40;82.0
Collège Le Corbusier;0781101Y;12;0;122.3;32;92.0
Collège Varsovie;0110665N;0;0;107.9;47;87.0
Collège Marie Curie;0931439J;0;0;111.9;41;90.0
Collège Evariste Galois;0921242A;11;53;123.3;97;96.0
Collège Armand Coussens;0300036B;12;0;98.3;12;68.0
Collège Roger Salengro;0622434J;6;0;88.4;21;80.0
Collège Albert Camus;0631522M;13;63;73.7;19;81.0
Collège Alain-Fournier;0720081X;0;0;79.4;16;67.0
Collège André Maurois;0672130B;25;55;84.4;45;87.0
Collège Eugène Le Roy;0240119Z;14;54;90.1;16;86.0
Collège Paul Vaillant-Couturier;0941299B;0;59;92.9;40;83.0
Collège Flora Tristan;0780032L;0;0;89.5;9;66.0
Collège Joseph Bédier;9740599H;12;0;71.7;39;75.0
Collège Jean Rostand;0010987T;6;0;86.4;22;82.0
Collège Etienne-Jean Lapassat;0260850H;11;62;93.4;31;76.0
Collège Victor Schoelcher;0690036P;7;52;75.4;3;87.0
Collège Pierre Brossolette;0100807Y;9;56;82.4;16;85.0
Collège Nelson Mandela;0762459K;12;58;81.1;26;79.0
Collège Georges Brassens;0941602F;0;0;91.5;6;74.0
Collège Omeba Tobo (Kourou III);9730306V;24;0;83.7;12;80.0
Collège André Chénier;0950893E;20;0;100.9;20;89.0
Collège Louis Aragon;0691799F;10;52;82.2;8;70.0
Collège Jean de La Fontaine;0420035K;12;61;92.6;32;82.0
Collège Jean Zay;0592830F;0;0;85.1;17;83.0
Collège Gabriel Havez;0600022Y;0;0;68.9;10;69.0
Collège Paul Langevin;0622420U;12;46;75.8;16;88.0
Collège Voltaire;0650050B;6;0;99.7;29;84.0
Collège Jean Giono;0132314V;26;0;87.3;25;91.0
Collège Nicolas-Louis Vauquelin;0311718Z;15;0;87.1;28;77.0
Collège Marcel Pagnol;0951195H;12;42;92.5;41;90.0
Collège Jean Cocteau;0720906U;13;0;96.6;27;86.0
Collège Mont-Sauvy;0132217P;0;59;91.6;28;91.0
Collège Adrien Cerneau;9740022F;15;0;77.5;21;79.0
Collège de Kawéni 2;9760314M;11;0;71.2;16;59.0
Collège André Malraux;0371248F;10;0;105.6;20;85.0
Collège Henri Matisse;9741049X;12;0;75.1;18;90.0
Collège Emile Guillaumin;0030838V;0;118;84.3;25;85.0
Collège Paul Eluard;0941095E;0;61;79.6;15;89.0
Collège Terre Sainte;9740811N;14;60;80.6;28;78.0
Collège Montaigne;0951921X;0;0;86.9;21;85.0
Collège Montesquieu;0110788X;27;54;88.5;34;86.0
Collège Lucie Aubrac;0932334G;0;0;83.0;10;72.0
Collège Jules Vallès;0760050S;0;0;81.2;10;73.0
Collège Françoise Dolto;0932038K;0;0;91.3;23;86.0
Collège Charles Péguy;0751706X;12;0;111.9;38;85.0
Collège Alphonse Daudet;0300947S;13;62;78.8;15;76.0
Collège Julia Nicolas;9720052Z;19;0;77.5;2;68.0
Collège Alexandre Isaac;9710710V;20;68;89.9;27;79.0
Collège Jean Jaurès;0921623P;12;0;85.3;29;88.0
Collège Alain;0110037F;0;0;90.6;26;82.0
Collège Henri Matisse;0020007X;25;73;70.9;10;71.0
Collège Pierre Sémard;0931196V;0;0;82.3;17;77.0
Collège Louise Michel;0611026J;10;0;67.0;5;89.0
Collège Jules Verne;0840664R;15;63;74.4;18;82.0
Collège Jean Mermoz;0490783K;24;0;73.3;9;61.0
Collège Pablo Picasso;0931707A;0;55;89.9;29;80.0
Collège Pierre et Marie Curie;0620119T;0;62;78.5;25;89.0
Collège le Luzard;0771841H;16;0;89.8;25;76.0
Collège Alfred Sisley;0931765N;13;0;77.2;7;70.0
Collège Condorcet;0020067M;26;68;88.8;13;92.0
Collège François Raspail;0840114T;15;90;88.1;29;90.0
Collège Henri Wallon;0911146B;0;61;98.0;33;89.0
Collège Anne Frank;0240052B;0;0;100.2;22;93.0
Collège Félicien Joly;0593486U;0;0;74.6;6;78.0
Collège Edouard Vaillant;0921157H;10;0;93.5;43;88.0
Collège Fontcarrade;0340051W;13;0;93.8;23;75.0
Collège Simone de Beauvoir;0541515D;0;51;86.5;10;73.0
Collège Marie Curie;0772481D;13;0;85.4;15;90.0
Collège Daniel Faucher;0260012X;0;0;101.2;21;90.0
Collège Vauban;0900295G;10;78;102.0;48;83.0
Collège le Grand Champ;0382110M;15;57;91.0;16;88.0
Collège Jean Zay;0622418S;0;63;77.4;15;79.0
Collège de l'Albarine;0010039M;13;0;97.7;20;90.0
Collège Simone de Beauvoir;0595328W;0;53;80.1;13;81.0
Collège Marie Noël;0890937K;12;0;87.8;19;79.0
Collège Montesoro;7200013B;11;52;93.2;38;94.0
Collège Turenne;0080910W;0;0;83.7;13;88.0
Collège Gambetta;0421452A;4;0;88.2;55;82.0
Collège Léon Boujot;6200040Z;0;0;96.7;18;83.0
Collège Les Courlis;0580682B;0;0;92.8;10;76.0
Collège Marcel Pagnol;0280024Z;12;0;87.5;15;73.0
Collège Jules Vallès;0421689H;10;0;64.4;9;67.0
Collège Bel Air;0950022H;13;0;88.6;16;77.0
Collège Paul Eluard;0911865H;0;0;87.6;17;70.0
Collège de Boueni;9760379H;0;65;100.1;5;66.0
Collège le Grand Meaulnes;0180766K;9;0;85.5;12;82.0
Collège Léo Othily;9730192W;18;48;71.6;4;70.0
Collège les Perrières;0071156U;18;72;84.9;27;83.0
Collège Jean Vilar;0931429Y;15;0;78.1;45;82.0
Collège Gustave Jaume;0261090U;0;0;76.8;8;69.0
Collège Ponsard;0381907S;0;97;98.2;25;79.0
Collège Faubert;0691645N;12;0;80.6;19;69.0
Collège Jean Moulin;0470103G;12;60;90.4;17;89.0
Collège Léonard de Vinci;0410793P;0;0;84.1;12;71.0
Collège Blaise Pascal;0910624J;15;0;88.5;23;91.0
Collège Vautrin Lud;0880151L;12;52;89.2;22;87.0
Collège Le Village;0780514K;0;0;88.0;11;72.0
Collège Jean Renoir;0931711E;0;0;84.8;24;75.0
Collège Louis Pasteur;0210034Y;9;24;93.7;19;92.0
Collège Colonel Fabien;0931213N;13;0;90.7;31;88.0
Collège André Malraux;0881101U;0;0;83.3;15;95.0
Collège Blaise Pascal;0780420H;0;48;92.1;25;88.0
Collège Léo Lagrange;0080925M;8;0;66.7;7;69.0
Collège Louis Pasteur;0623018U;0;46;85.9;16;91.0
Collège Jacques Callot;0540111C;8;0;85.8;11;76.0
Collège Les Mousseaux;0931192R;0;0;89.1;12;77.0
Collège Général De Gaulle;9710015P;24;64;86.1;6;87.0
Collège Pablo Picasso;0951098C;9;32;84.1;11;86.0
Collège André Chénier;0110010B;0;0;101.7;13;87.0
Collège du Thelle;0601191U;12;45;89.4;11;81.0
Collège François Legros;0511254L;15;0;76.5;26;81.0
Collège Boris Vian;0752958H;12;0;93.8;18;75.0
Collège Paul Riquet;0340836Z;11;62;67.7;16;75.0
Collège Alain;0760075U;12;64;83.7;13;87.0
Collège Pierre Ronsard;0931149U;14;0;92.6;36;87.0
Collège Colbert;0360543V;0;0;95.7;26;91.0
Collège Paul Symphor;9720019N;0;0;92.7;9;81.0
Collège George Sand;0080949N;21;0;84.2;9;89.0
Collège Georges Clémenceau;0881146T;23;56;106.9;33;89.0
Collège Salengro;0080894D;0;56;66.2;13;87.0
Collège Alain Gerbault;0530484N;12;58;80.1;19;88.0
Collège La ville aux Roses;0440348P;12;65;90.4;13;80.0
Collège Blois-Bégon;0410003F;0;57;72.5;15;84.0
Collège Voltaire;0752536Z;0;0;124.3;50;90.0
Collège Jean-Jacques Rousseau;0951138W;20;0;86.2;27;83.0
Collège Joseph Lakanal;0941034N;0;0;84.0;8;88.0
Collège Beaulieu;0360496U;10;0;98.6;23;86.0
Collège Henri Matisse;0594290T;0;33;82.9;9;83.0
Collège Edouard Pailleron;0751707Y;11;56;104.6;20;78.0
Collège du Bassin Bleu;9740065C;12;0;78.6;26;87.0
Collège Pierre Curie;0931005M;12;0;83.6;16;80.0
Collège Justin Catayée (Cayenne V);9730247F;25;0;68.9;9;85.0
Collège Paul Cézanne;0830833E;0;0;97.8;32;84.0
Collège Germillac;0470104H;11;62;87.6;18;69.0
Collège Marie de Luxembourg;0021518P;0;0;86.5;18;79.0
Collège Paul Eluard;0950711G;13;0;73.8;27;78.0
Collège Henri Wallon;0931709C;0;0;78.5;18;73.0
Collège Claude Lévi-Strauss;0593179K;0;0;83.9;35;78.0
Collège Pierre et Marie Curie;0700787A;12;50;99.0;32;78.0
Collège Albert Camus;0132326H;14;0;94.0;15;78.0
Collège Jacques Prévert;0132007L;0;0;87.0;13;78.0
Collège Emile Zola;0941040V;0;0;82.5;13;89.0
Collège Gérard Philipe;0910859P;14;57;99.4;26;84.0
Collège Elsa Triolet;0131887F;12;0;82.5;7;77.0
Collège Villars;0590062X;12;45;71.6;11;75.0
Collège Langevin Wallon;0931723T;14;0;87.4;27;79.0
Collège Olympe de Gouges;0820588U;27;61;96.7;79;85.0
Collège Christiane Eda-Pierre;9720016K;0;0;92.7;4;98.0
Collège Albert Camus;0541817G;11;62;78.3;11;89.0
Collège Roland Dorgelès;0750429J;11;0;125.0;59;89.0
Collège Camille Claudel;0752694W;0;0;91.3;23;83.0
Collège Pierre Perrin;0350052S;0;0;95.0;3;64.0
Collège Giraud;7200612C;0;32;114.7;31;93.0
Collège Paul Valéry;0340115R;0;0;109.9;33;97.0
Collège Jacques Prévert;0595277R;19;97;77.3;26;84.0
Collège Martin Luther King;0951993A;12;0;68.5;8;81.0
Collège Pablo Neruda;0931226C;0;55;79.2;14;85.0
Collège La Carrière;0572488V;15;45;89.0;14;86.0
Collège Les Grands Champs;0780264N;11;43;81.9;16;81.0
Collège Jules Vallès;0380356F;14;0;99.8;21;87.0
Collège Charles Munch;0382035F;10;105;97.5;56;88.0
Collège Vincent Van Gogh;0922595W;9;0;90.1;19;75.0
Collège du Val d'Aure;0141257R;10;0;83.9;3;94.0
Collège Saint-Exupéry;0610056E;13;0;93.1;24;90.0
Collège Paul Verlaine;0623014P;19;47;98.9;54;97.0
Collège Jules Ferry;0110026U;0;59;96.5;20;72.0
Collège L'Agiot;0780856G;13;0;111.1;19;85.0
Collège les Saules;0383494S;0;0;98.0;17;72.0
Collège Aimé Césaire - Basse Pointe;9720472F;0;24;79.6;4;92.0
Collège Longchamp;0131932E;0;0;106.0;61;95.0
Collège La Bruyère;0951403J;11;0;101.6;35;80.0
Collège Anatole France;0132561N;14;0;76.1;12;90.0
Collège Grand Parc;0330140Y;0;53;74.0;21;81.0
Collège Jean Vigo;0931428X;0;0;74.6;33;84.0
Collège Paul Langevin;0941021Z;12;0;88.9;25;86.0
Collège Auxence Contout;9730020J;34;92;74.5;11;83.0
Collège Georges Méliès;0752606A;11;0;88.3;13;78.0
Collège Jean Rostand;0021826Z;25;74;91.6;34;70.0
Collège Guillaume de Normandie;0141268C;0;0;82.5;12;74.0
Collège Albert Camus;0761703N;13;46;74.7;3;76.0
Collège Jean Emond;0410768M;12;92;100.0;23;82.0
Collège Aimé Césaire;0755433Y;11;55;85.5;18;70.0
Collège Simon Vinciguerra;7200624R;9;0;117.3;41;92.0
Collège La Rochefoucauld;0600032J;13;0;97.1;30;91.0
Collège Bébel;9710023Y;26;59;89.7;9;93.0
Collège Charles de Gaulle;0573269U;13;0;77.1;25;84.0
Collège Léon Blum;0870023C;10;0;104.3;19;76.0
Collège Sonia Delaunay;0912196T;10;0;75.1;18;86.0
Collège Desrousseaux;0593246H;0;46;84.9;13;86.0
Collège Marguerite Duras;0921675W;12;54;86.0;28;80.0
Collège Maria Borrély;0040044B;0;0;93.7;19;89.0
Collège les Fougères;0271398Y;0;0;87.4;13;89.0
Collège Paul Eluard;0771567K;13;75;97.1;16;82.0
Collège Pierre Brossolette;0280924C;0;0;92.0;15;87.0
Collège de l'Etang Saint-Paul;9740069G;13;0;88.5;25;77.0
Collège Jules Verne;0771176K;0;74;91.0;15;81.0
Collège les Provinces;0501205N;0;48;80.5;11;80.0
Collège La Vallée;0911397Z;12;0;85.2;11;81.0
Collège Fabien;0931229F;0;44;82.8;15;78.0
Collège Anatole France;0540088C;0;0;77.1;10;88.0
Collège Boris Vian;0593235W;0;57;85.8;21;90.0
Collège Henri Matisse;0750591K;9;0;118.2;48;82.0
Collège Paul Vaillant-Couturier;0951094Y;12;0;88.9;18;81.0
Collège Lucie Aubrac;0750465Y;12;0;118.3;50;83.0
Collège François Rabelais;0572487U;0;0;77.4;27;92.0
Collège Maria Casarès;0691498D;13;0;76.7;13;74.0
Collège Romain Rolland;0160100X;0;84;73.3;3;76.0
Collège Blaise Cendrars;0941478W;0;0;83.6;16;82.0
Collège Paul Eluard;0910776Z;11;0;85.6;13;81.0
Collège Romé de l'Isle;0700010F;8;0;89.0;18;83.0
Collège Jean Rostand;0800029X;13;47;82.9;25;87.0
Collège Beauséjour;9720351Z;0;56;88.2;7;95.0
Collège Alexandre Dumas;0780720J;14;0;114.8;39;88.0
Collège Boris GAMALEYA Les Alizés;9740618D;12;64;77.6;23;78.0
Collège les Prunais;0941411Y;0;52;101.3;41;77.0
Collège Louis Pasteur;0500095G;12;62;91.6;17;93.0
Collège Jean-Claude Izzo;0133788X;13;0;78.8;12;77.0
Collège Pierre Simon de Laplace;0141315D;0;0;81.0;6;75.0
Collège Liberté;0931202B;0;0;80.5;27;82.0
Collège Arthur Rimbaud;0131704G;12;64;63.4;13;81.0
Collège Clemenceau;0781977A;12;0;75.7;7;76.0
Collège Lavoisier;0623313P;0;0;78.9;16;96.0
Collège Massenet Fourneyron;0421919H;0;47;76.9;34;78.0
Collège Titan;9741045T;9;0;79.1;21;82.0
Collège Marcel Pagnol;0341592W;12;56;82.8;24;83.0
Collège Louis Armand;0280865N;0;71;81.1;15;78.0
Collège Sonia Delaunay;0750575T;12;0;92.4;20;78.0
Collège Claude Debussy;0931434D;28;0;78.9;28;81.0
Collège Pierre de Belleyme;0330103H;16;60;87.7;27;73.0
Collège Jean Vilar;0491703K;7;58;71.2;10;91.0
Collège Edgar Varèse;0755095F;12;0;108.4;28;85.0
Collège Solignac;0671692A;14;59;70.3;12;87.0
Collège Combe de Savoie;0730904L;15;58;93.8;36;81.0
Collège Eugénie Cotton;0951230W;12;50;82.5;15;78.0
Collège Auguste Delaune;0931195U;14;0;79.0;14;83.0
Collège Fernande Flagon;0941052H;0;0;91.2;18;85.0
Collège Georges Brassens;0931979W;15;0;84.1;19;86.0
Collège Gabriel Péri;0131701D;11;0;94.6;12;76.0
Collège Fréderic et Irène Joliot-Curie;0940516A;0;0;113.1;56;90.0
